sample_id,material_name,material_class_original,chemical_composition_original,architecture_descriptor,composition_type_std,primary_material_family,primary_material_group,secondary_material_family,secondary_material_group,tertiary_material_family,tertiary_material_group,composition_descriptor_std,n_detected_material_families,contains_synthetic_polymer,contains_inorganic,contains_carbonaceous,contains_polysaccharide,contains_protein,contains_fluoropolymer,contains_silica,contains_mof,contains_silver,contains_antimicrobial_additive,contains_support_substrate,is_commercial_reference,source,solid_content (g/100ml),skeletal_density (g/cm3),porosity (%),permeability (m2),bet_surface_area (m2/g),average_pore_size (nm),fiber_diameter (nm),filtration_efficiency (%),pressure_drop (mmH2O/cm),airflow_rate (cm/s),sample_thickness (mm),average_particle_size (nm),quality_factor (mmH2O^-1),bulk_density (g/cm3)
kevlar_aerogel1,kevlar aerogel,kevlar aerogel,PPTA,monolithic_aerogel,synthetic_polymer,kevlar_ppta,synthetic_polymer,,,,,kevlar_ppta,1,1,0,0,0,0,0,0,0,0,0,0,0,A. Agrawal dissertation,1,1.48,98.9,2.00E-09,326,,32,99.5,,50,5,75,,0.016
sPS-0.010,sPS aerogel,sPS aerogel,d-form syndiotactic polystyrene,monolithic_aerogel,synthetic_polymer,sps,synthetic_polymer,,,,,sps,1,1,0,0,0,0,0,0,0,0,0,0,0,https://doi.org/10.1016/j.seppur.2015.11.005,1,1.056,98.11,9.74E-10,,,,93.468,9.7,50,3.75,75,0.750091274,0.02
sPS-0.015,sPS aerogel,sPS aerogel,d-form syndiotactic polystyrene,monolithic_aerogel,synthetic_polymer,sps,synthetic_polymer,,,,,sps,1,1,0,0,0,0,0,0,0,0,0,0,0,https://doi.org/10.1016/j.seppur.2015.11.005,1.5,1.056,97.63,9.42E-10,,,,95.86,10.1,50,3.75,75,0.84078532,0.025
sPS-0.020,sPS aerogel,sPS aerogel,d-form syndiotactic polystyrene,monolithic_aerogel,synthetic_polymer,sps,synthetic_polymer,,,,,sps,1,1,0,0,0,0,0,0,0,0,0,0,0,https://doi.org/10.1016/j.seppur.2015.11.005,2,1.056,97.16,8.17E-10,,,,98.889,11.6,50,3.75,75,1.034461994,0.03
sPS-0.025,sPS aerogel,sPS aerogel,d-form syndiotactic polystyrene,monolithic_aerogel,synthetic_polymer,sps,synthetic_polymer,,,,,sps,1,1,0,0,0,0,0,0,0,0,0,0,0,https://doi.org/10.1016/j.seppur.2015.11.005,2.5,1.056,96.78,7.71E-10,,,,99.734,12.3,50,3.75,75,1.285513096,0.034
sPS-0.030,sPS aerogel,sPS aerogel,d-form syndiotactic polystyrene,monolithic_aerogel,synthetic_polymer,sps,synthetic_polymer,,,,,sps,1,1,0,0,0,0,0,0,0,0,0,0,0,https://doi.org/10.1016/j.seppur.2015.11.005,3,1.056,96.02,7.40E-10,,,,99.998,12.8,50,3.75,75,2.254120476,0.042
sPS-0.040,sPS aerogel,sPS aerogel,d-form syndiotactic polystyrene,monolithic_aerogel,synthetic_polymer,sps,synthetic_polymer,,,,,sps,1,1,0,0,0,0,0,0,0,0,0,0,0,https://doi.org/10.1016/j.seppur.2015.11.005,4,1.056,94.79,6.74E-10,,,,99.998,14.1,50,3.75,75,2.046293765,0.055
sPS-0.050,sPS aerogel,sPS aerogel,d-form syndiotactic polystyrene,monolithic_aerogel,synthetic_polymer,sps,synthetic_polymer,,,,,sps,1,1,0,0,0,0,0,0,0,0,0,0,0,https://doi.org/10.1016/j.seppur.2015.11.005,5,1.056,94.22,6.62E-10,,,,99.998,14.3,50,3.75,75,2.017674272,0.061
sPS-0.060,sPS aerogel,sPS aerogel,d-form syndiotactic polystyrene,monolithic_aerogel,synthetic_polymer,sps,synthetic_polymer,,,,,sps,1,1,0,0,0,0,0,0,0,0,0,0,0,https://doi.org/10.1016/j.seppur.2015.11.005,6,1.056,92.99,5.99E-10,,,,99.998,15.8,50,3.75,75,1.826122917,0.074
sPS-0.070,sPS aerogel,sPS aerogel,d-form syndiotactic polystyrene,monolithic_aerogel,synthetic_polymer,sps,synthetic_polymer,,,,,sps,1,1,0,0,0,0,0,0,0,0,0,0,0,https://doi.org/10.1016/j.seppur.2015.11.005,7,1.056,91.19,5.39E-10,,,,99.998,17.6,50,3.75,75,1.639360346,0.093
sPS-0.080,sPS aerogel,sPS aerogel,d-form syndiotactic polystyrene,monolithic_aerogel,synthetic_polymer,sps,synthetic_polymer,,,,,sps,1,1,0,0,0,0,0,0,0,0,0,0,0,https://doi.org/10.1016/j.seppur.2015.11.005,8,1.056,90.53,5.29E-10,,,,99.998,17.9,50,3.75,75,1.611885033,0.1
sPS-g1,gradient density sPS aerogel,gradient density sPS aerogel,d-form syndiotactic polystyrene,monolithic_aerogel,synthetic_polymer,sps,synthetic_polymer,,,,,sps,1,1,0,0,0,0,0,0,0,0,0,0,0,https://doi.org/10.1016/j.seppur.2015.11.005,,1.056,96.12,5.03E-10,,,,99.998,18.9,50,3.75,75,1.526600111,0.041
sPS-g2,gradient density sPS aerogel,gradient density sPS aerogel,d-form syndiotactic polystyrene,monolithic_aerogel,synthetic_polymer,sps,synthetic_polymer,,,,,sps,1,1,0,0,0,0,0,0,0,0,0,0,0,https://doi.org/10.1016/j.seppur.2015.11.005,,1.056,95.93,5.94E-10,,,,99.998,16,50,3.75,75,1.803296381,0.043
sPS-g3,gradient density sPS aerogel,gradient density sPS aerogel,d-form syndiotactic polystyrene,monolithic_aerogel,synthetic_polymer,sps,synthetic_polymer,,,,,sps,1,1,0,0,0,0,0,0,0,0,0,0,0,https://doi.org/10.1016/j.seppur.2015.11.005,,1.056,97.92,7.55E-10,,,,99.998,12.6,50,3.75,75,2.289900166,0.022
T-0,silica aerogel,aerogel,TEOS-derived SiO2,monolithic_aerogel,inorganic,silica,inorganic_or_mineral,,,,,silica,1,0,1,0,0,0,0,1,0,0,0,0,0,https://doi.org/10.1016/j.jnoncrysol.2016.01.016,,,,,804.7,22,,,,,,75,,0.119
T-SiF3-5wt%,silylated silica aerogel,aerogel,TEOS + SiF3 (5 wt%),monolithic_aerogel,inorganic,silica,inorganic_or_mineral,,,,,silica,1,0,1,0,0,0,0,1,0,0,0,0,0,https://doi.org/10.1016/j.jnoncrysol.2016.01.016,,,,,790.3,12,,,,,,75,,0.123
T-SiF3-10wt%,silylated silica aerogel,aerogel,TEOS + SiF3 (10 wt%),monolithic_aerogel,inorganic,silica,inorganic_or_mineral,,,,,silica,1,0,1,0,0,0,0,1,0,0,0,0,0,https://doi.org/10.1016/j.jnoncrysol.2016.01.016,,,,,752.6,12,,,,,,75,,0.121
T-SiF3-15wt%,silylated silica aerogel,aerogel,TEOS + SiF3 (15 wt%),monolithic_aerogel,inorganic,silica,inorganic_or_mineral,,,,,silica,1,0,1,0,0,0,0,1,0,0,0,0,0,https://doi.org/10.1016/j.jnoncrysol.2016.01.016,,,,,756.8,12,,,,,,75,,0.125
T-SiF3-20wt%,silylated silica aerogel,aerogel,TEOS + SiF3 (20 wt%),monolithic_aerogel,inorganic,silica,inorganic_or_mineral,,,,,silica,1,0,1,0,0,0,0,1,0,0,0,0,0,https://doi.org/10.1016/j.jnoncrysol.2016.01.016,,,,,733,12,,,,,,75,,0.128
T-SiF3-25wt%,silylated silica aerogel,aerogel,TEOS + SiF3 (25 wt%),monolithic_aerogel,inorganic,silica,inorganic_or_mineral,,,,,silica,1,0,1,0,0,0,0,1,0,0,0,0,0,https://doi.org/10.1016/j.jnoncrysol.2016.01.016,,,,,726.2,10,,,,,,75,,0.135
A-CL-NFA,cellulose/lignin nanofibrous aerogel,nanofibrous aerogel,cellulose nanofibers + kraft lignin,fibrous_aerogel,bio_based,cellulose,polysaccharide_or_lignocellulosic,lignin,polysaccharide_or_lignocellulosic,,,cellulose + lignin,2,0,0,0,1,0,0,0,0,0,0,0,0,https://doi.org/10.1016/j.memsci.2021.119977,,,99.1,,,10000,229,99.86,59.5,5,5,100,0.220883464,0.0135
PI,polyimide aerogel,polymer aerogel,polyimide (PAA derived from ODA + PMDA),monolithic_aerogel,synthetic_polymer,polyimide,synthetic_polymer,,,,,polyimide,1,1,0,0,0,0,0,0,0,0,0,0,0,https://doi.org/10.1016/j.compscitech.2023.110275,,,97.2,,,,,84.7,114.7,,,1500,,
5 wt% PANNF/PI,PAN nanofiber reinforced polyimide aerogel,composite aerogel,polyimide + polyacrylonitrile nanofibers,fibrous_aerogel,synthetic_polymer,polyimide,synthetic_polymer,pan,synthetic_polymer,,,polyimide + pan,2,1,0,0,0,0,0,0,0,0,0,0,0,https://doi.org/10.1016/j.compscitech.2023.110275,,,,,,,,,,,,1500,,
10 wt% PANNF/PI,PAN nanofiber reinforced polyimide aerogel,composite aerogel,polyimide + polyacrylonitrile nanofibers,fibrous_aerogel,synthetic_polymer,polyimide,synthetic_polymer,pan,synthetic_polymer,,,polyimide + pan,2,1,0,0,0,0,0,0,0,0,0,0,0,https://doi.org/10.1016/j.compscitech.2023.110275,,,99.1,,,,,97.2,90,,,1500,,0.029
15 wt% PANNF/PI,PAN nanofiber reinforced polyimide aerogel,composite aerogel,polyimide + polyacrylonitrile nanofibers,fibrous_aerogel,synthetic_polymer,polyimide,synthetic_polymer,pan,synthetic_polymer,,,polyimide + pan,2,1,0,0,0,0,0,0,0,0,0,0,0,https://doi.org/10.1016/j.compscitech.2023.110275,,,,,,,,,86.6,,,1500,,
K,Konjac glucomannan aerogel,Polysaccharide-based aerogel +1,Konjac glucomannan,monolithic_aerogel,bio_based,konjac_glucomannan,polysaccharide_or_lignocellulosic,,,,,konjac_glucomannan,1,0,0,0,1,0,0,0,0,0,0,0,0,https://doi.org/10.1016/j.indcrop.2023.116462,,,98.43,,,,,,,,3,,,0.0136
KC0.3​,Konjac glucomannan/curdlan aerogel,Polysaccharide-based aerogel +1,"Konjac glucomannan (1g/100mL), Curdlan (0.3g/100mL)",monolithic_aerogel,bio_based,konjac_glucomannan,polysaccharide_or_lignocellulosic,curdlan,polysaccharide_or_lignocellulosic,,,konjac_glucomannan + curdlan,2,0,0,0,1,0,0,0,0,0,0,0,0,https://doi.org/10.1016/j.indcrop.2023.116462,1.3,,98.12,,,35000,,28.33,47.5,,3,500,0.023375294,0.0152
KC0.6​,Konjac glucomannan/curdlan aerogel,Polysaccharide-based aerogel +1,"Konjac glucomannan (1g/100mL), Curdlan (0.6g/100mL)",monolithic_aerogel,bio_based,konjac_glucomannan,polysaccharide_or_lignocellulosic,curdlan,polysaccharide_or_lignocellulosic,,,konjac_glucomannan + curdlan,2,0,0,0,1,0,0,0,0,0,0,0,0,https://doi.org/10.1016/j.indcrop.2023.116462,1.6,,97.56,,,,,42.08,139.3,,3,500,0.013067898,0.0199
KC0.9​,Konjac glucomannan/curdlan aerogel,Polysaccharide-based aerogel +1,"Konjac glucomannan (1g/100mL), Curdlan (0.9g/100mL)",monolithic_aerogel,bio_based,konjac_glucomannan,polysaccharide_or_lignocellulosic,curdlan,polysaccharide_or_lignocellulosic,,,konjac_glucomannan + curdlan,2,0,0,0,1,0,0,0,0,0,0,0,0,https://doi.org/10.1016/j.indcrop.2023.116462,1.9,,97.3,,,,,52.5,186.9,,3,500,0.013276984,0.0209
KC1.2​,Konjac glucomannan/curdlan aerogel,Polysaccharide-based aerogel +1,"Konjac glucomannan (1g/100mL), Curdlan (1.2g/100mL)",monolithic_aerogel,bio_based,konjac_glucomannan,polysaccharide_or_lignocellulosic,curdlan,polysaccharide_or_lignocellulosic,,,konjac_glucomannan + curdlan,2,0,0,0,1,0,0,0,0,0,0,0,0,https://doi.org/10.1016/j.indcrop.2023.116462,2.2,,95.94,,,38000,,38.6,339.8,,3,500,0.004784779,0.0209
SAg 2.0%,SAg air filter,SA/nanosilver composite,"2.0 wt% SA, 1.0 wt% AgNO3​",composite_filter,hybrid,alginate,polysaccharide_or_lignocellulosic,silver,inorganic_or_mineral,,,alginate + silver,2,0,1,0,1,0,0,0,0,1,1,0,0,https://doi.org/10.1016/j.mtsust.2022.100211,3,,,,,,,93.2,,,3,300,,
SAg 2.5%,SAg air filter,SA/nanosilver composite,"2.5 wt% SA, 1.0 wt% AgNO3​",composite_filter,hybrid,alginate,polysaccharide_or_lignocellulosic,silver,inorganic_or_mineral,,,alginate + silver,2,0,1,0,1,0,0,0,0,1,1,0,0,https://doi.org/10.1016/j.mtsust.2022.100211,3.5,,,,,,,92.4,,,3,300,,
SAg 3.0%,SAg air filter,SA/nanosilver composite,"3.0 wt% SA, 1.0 wt% AgNO3​",composite_filter,hybrid,alginate,polysaccharide_or_lignocellulosic,silver,inorganic_or_mineral,,,alginate + silver,2,0,1,0,1,0,0,0,0,1,1,0,0,https://doi.org/10.1016/j.mtsust.2022.100211,4,,,,,,,93.63,,,3,300,,
SAg 3.5%,SAg air filter,SA/nanosilver composite,"3.5 wt% SA, 1.0 wt% AgNO3​",composite_filter,hybrid,alginate,polysaccharide_or_lignocellulosic,silver,inorganic_or_mineral,,,alginate + silver,2,0,1,0,1,0,0,0,0,1,1,0,0,https://doi.org/10.1016/j.mtsust.2022.100211,4.5,,,,,45000,,98.67,,,3,300,,
SAg 4.0%,SAg air filter,SA/nanosilver composite,"4.0 wt% SA, 1.0 wt% AgNO3​",composite_filter,hybrid,alginate,polysaccharide_or_lignocellulosic,silver,inorganic_or_mineral,,,alginate + silver,2,0,1,0,1,0,0,0,0,1,1,0,0,https://doi.org/10.1016/j.mtsust.2022.100211,5,,,,,,,98.6,,,3,300,,
SAg 3.5-1.0-g,SAg air filter (softened),SA/nanosilver/ glycerol,"3.5 wt% SA, 1.0 wt% AgNPs, 10% glycerol",composite_filter,hybrid,alginate,polysaccharide_or_lignocellulosic,silver,inorganic_or_mineral,,,alginate + silver,2,0,1,0,1,0,0,0,0,1,1,0,0,https://doi.org/10.1016/j.mtsust.2022.100211,4.5,,,,,40000,,87.7,"142,970",,3,300,4.89E-05,
CNF-TN0,CNF cryogel,Cellulose-based,CNF + Gelatin,monolithic_aerogel,bio_based,cellulose,polysaccharide_or_lignocellulosic,gelatin,protein_based,,,cellulose + gelatin,2,0,0,0,1,1,0,0,0,0,0,0,0,https://doi.org/10.1002/smll.202409157,2.2,,99.2,,15.22,250,16.9,91,20.4,5.3,5,250,0.236073099,0.012
CNF-TN1,Hybrid cryogel,Cellulose-TN,CNF+Gelatin+1% TN,monolithic_aerogel,bio_based,cellulose,polysaccharide_or_lignocellulosic,gelatin,protein_based,tn_additive,functional_additive,cellulose + gelatin + tn_additive,3,0,0,0,1,1,0,0,0,0,0,0,0,https://doi.org/10.1002/smll.202409157,3.2,,99,,15.37,,16.9,91,19.8,5.3,5,250,0.243226829,0.02
CNF-TN2,Hybrid cryogel,Cellulose-TN,CNF+Gelatin+2% TN,monolithic_aerogel,bio_based,cellulose,polysaccharide_or_lignocellulosic,gelatin,protein_based,tn_additive,functional_additive,cellulose + gelatin + tn_additive,3,0,0,0,1,1,0,0,0,0,0,0,0,https://doi.org/10.1002/smll.202409157,4.2,,98.9,,15.41,,16.9,91,16.9,5.3,5,250,0.284963977,0.029
CNF-TN3,Hybrid cryogel,Cellulose-TN,CNF+Gelatin+3% TN,monolithic_aerogel,bio_based,cellulose,polysaccharide_or_lignocellulosic,gelatin,protein_based,tn_additive,functional_additive,cellulose + gelatin + tn_additive,3,0,0,0,1,1,0,0,0,0,0,0,0,https://doi.org/10.1002/smll.202409157,5.2,,98.4,,16.18,,16.9,91,15.3,5.3,5,250,0.314764132,0.034
CNF-TN4,Hybrid cryogel,Cellulose-TN,CNF+Gelatin+4% TN,monolithic_aerogel,bio_based,cellulose,polysaccharide_or_lignocellulosic,gelatin,protein_based,tn_additive,functional_additive,cellulose + gelatin + tn_additive,3,0,0,0,1,1,0,0,0,0,0,0,0,https://doi.org/10.1002/smll.202409157,6.2,,98,,16.37,,16.9,91,24.9,5.3,5,250,0.193409286,0.046
CNF-TN5,Hybrid cryogel,Cellulose-TN,CNF+Gelatin+5% TN,monolithic_aerogel,bio_based,cellulose,polysaccharide_or_lignocellulosic,gelatin,protein_based,tn_additive,functional_additive,cellulose + gelatin + tn_additive,3,0,0,0,1,1,0,0,0,0,0,0,0,https://doi.org/10.1002/smll.202409157,7.2,,97.7,,17.18,100,16.9,99.4,37.1,5.3,5,250,0.275794922,0.052
CNF-TN3-0-5,Layered filter,Multilayer hybrid,CNF-TN3/0/5,multilayer_filter,bio_based,cellulose,polysaccharide_or_lignocellulosic,,,,,cellulose,1,0,0,0,1,0,0,0,0,0,0,0,0,https://doi.org/10.1002/smll.202409157,14.6,,,,,,16.9,91,20.1,5.3,3,250,0.39932763,
CNF-TN3-0-5-S,Layered filter,Multilayer hybrid,CNF-TN3/0/5 + Surface,multilayer_filter,bio_based,cellulose,polysaccharide_or_lignocellulosic,,,,,cellulose,1,0,0,0,1,0,0,0,0,0,0,0,0,https://doi.org/10.1002/smll.202409157,14.6,,,,,,16.9,91,21.8,5.3,3,250,0.368187402,
SA,Sodium alginate aerogel,Polysaccharide-based,Sodium alginate,monolithic_aerogel,bio_based,alginate,polysaccharide_or_lignocellulosic,,,,,alginate,1,0,0,0,1,0,0,0,0,0,0,0,0,http://doi.org/10.1016/j.seppur.2023.123179,2.5,,,,,,,92.48,,5.3,3,300,,
SK,SA/KGM aerogel,Polysaccharide-based,"Sodium alginate, Konjac glucomannan",monolithic_aerogel,bio_based,alginate,polysaccharide_or_lignocellulosic,konjac_glucomannan,polysaccharide_or_lignocellulosic,,,alginate + konjac_glucomannan,2,0,0,0,1,0,0,0,0,0,0,0,0,http://doi.org/10.1016/j.seppur.2023.123179,2.5,,98.42,,,,,94.67,,5.3,3,300,,0.0152
SKAg,SA/KGM/AgNPs aerogel,Polysaccharide-based,"SA, KGM, Silver nanoparticles",monolithic_aerogel,hybrid,alginate,polysaccharide_or_lignocellulosic,konjac_glucomannan,polysaccharide_or_lignocellulosic,silver,inorganic_or_mineral,alginate + konjac_glucomannan + silver,3,0,1,0,1,0,0,0,0,1,1,0,0,http://doi.org/10.1016/j.seppur.2023.123179,3.5,,98.37,,,45000,,99.46,51.78,5.3,3,300,0.336124393,0.0213
sPS,Syndiotactic polystyrene aerogel,Aerogel,Syndiotactic polystyrene (sPS),monolithic_aerogel,synthetic_polymer,sps,synthetic_polymer,,,,,sps,1,1,0,0,0,0,0,0,0,0,0,0,0,doi.org/10.1021/acsami.6b14784,2,1.056,97.2,2.20E-10,,100,11,98.889,42.5,50,3.75,75,0.282347274,0.03
sPS_PVDF-1,sPS-PVDF hybrid aerogel,Aerogel,sPS and PVDF,monolithic_aerogel,synthetic_polymer,sps,synthetic_polymer,pvdf,synthetic_polymer,,,sps + pvdf,2,1,0,0,0,0,1,0,0,0,0,0,0,doi.org/10.1021/acsami.6b14784,2.1,1.085,97.1,1.50E-10,,,11,99.719,63.2,50,3.75,75,0.247872185,0.031
sPS_PVDF-2,sPS-PVDF hybrid aerogel,Aerogel,sPS and PVDF,monolithic_aerogel,synthetic_polymer,sps,synthetic_polymer,pvdf,synthetic_polymer,,,sps + pvdf,2,1,0,0,0,0,1,0,0,0,0,0,0,doi.org/10.1021/acsami.6b14784,2.4,1.223,97.2,2.40E-10,,,11,99.998,39.3,50,3.75,75,0.734166465,0.034
sPS_PVDF-3,sPS-PVDF hybrid aerogel,Aerogel,sPS and PVDF,monolithic_aerogel,synthetic_polymer,sps,synthetic_polymer,pvdf,synthetic_polymer,,,sps + pvdf,2,1,0,0,0,0,1,0,0,0,0,0,0,doi.org/10.1021/acsami.6b14784,2.7,1.349,97.3,2.50E-10,,,11,99.998,37.3,50,3.75,75,0.77353196,0.037
MCB_1.0,CNF nanofoam,Cellulose-based nanofoam/aerogel,"Lignin-containing CNF, MTMS, HDTMS",monolithic_aerogel,hybrid,lignin,polysaccharide_or_lignocellulosic,cellulose,polysaccharide_or_lignocellulosic,silica,inorganic_or_mineral,lignin + cellulose + silica,3,0,1,0,1,0,0,1,0,0,0,0,0,doi.org/10.1016/j.jclepro.2021.127498,1,1.528,99.1,,5.9,100,50,98,81.48,5.3,12,250,0.040010054,0.0139
MCB_0.75,CNF nanofoam,Cellulose-based nanofoam/aerogel,"Lignin-containing CNF, MTMS, HDTMS",monolithic_aerogel,hybrid,lignin,polysaccharide_or_lignocellulosic,cellulose,polysaccharide_or_lignocellulosic,silica,inorganic_or_mineral,lignin + cellulose + silica,3,0,1,0,1,0,0,1,0,0,0,0,0,doi.org/10.1016/j.jclepro.2021.127498,0.75,1.528,99.3,,11.1,100,50,98.9,70.53,5.3,12,250,0.053285363,0.0105
MCB_0.5,CNF nanofoam,Cellulose-based nanofoam/aerogel,"Lignin-containing CNF, MTMS, HDTMS",monolithic_aerogel,hybrid,lignin,polysaccharide_or_lignocellulosic,cellulose,polysaccharide_or_lignocellulosic,silica,inorganic_or_mineral,lignin + cellulose + silica,3,0,1,0,1,0,0,1,0,0,0,0,0,doi.org/10.1016/j.jclepro.2021.127498,0.5,1.528,99.3,,11,100,50,97.5,28.04,5.3,12,250,0.109631463,0.0104
MCB_0.3,CNF nanofoam,Cellulose-based nanofoam/aerogel,"Lignin-containing CNF, MTMS, HDTMS",monolithic_aerogel,hybrid,lignin,polysaccharide_or_lignocellulosic,cellulose,polysaccharide_or_lignocellulosic,silica,inorganic_or_mineral,lignin + cellulose + silica,3,0,1,0,1,0,0,1,0,0,0,0,0,doi.org/10.1016/j.jclepro.2021.127498,0.3,1.528,99.7,,15.4,100,50,96.5,12.75,5.3,12,250,0.219111583,0.0044
MCB_0.2,CNF nanofoam,Cellulose-based nanofoam/aerogel,"Lignin-containing CNF, MTMS, HDTMS",monolithic_aerogel,hybrid,lignin,polysaccharide_or_lignocellulosic,cellulose,polysaccharide_or_lignocellulosic,silica,inorganic_or_mineral,lignin + cellulose + silica,3,0,1,0,1,0,0,1,0,0,0,0,0,doi.org/10.1016/j.jclepro.2021.127498,0.2,1.528,99.8,,18.6,100,50,96,18.22,5.3,12,250,0.147222641,0.0028
NFA-93.91,Pul/PVA NFA,nanofiber aerogel,Pullulan/PVA (40/60 wt%),fibrous_aerogel,hybrid,pullulan,polysaccharide_or_lignocellulosic,pva,synthetic_polymer,,,pullulan + pva,2,1,0,0,1,0,0,0,0,0,0,0,0,https://pubs.acs.org/doi/10.1021/acsami.8b00455,,1.454,93.91,5.77E-11,,3500,240,99.998,37.39,1.5,15,208,0.192917505,0.0885
NFA-96.64,Pul/PVA NFA,nanofiber aerogel,Pullulan/PVA (40/60 wt%),fibrous_aerogel,hybrid,pullulan,polysaccharide_or_lignocellulosic,pva,synthetic_polymer,,,pullulan + pva,2,1,0,0,1,0,0,0,0,0,0,0,0,https://pubs.acs.org/doi/10.1021/acsami.8b00455,,1.454,96.64,3.30E-10,,3500,240,99.56,7.82,1.5,15,208,0.462587446,0.04891
NFA-98.40,Pul/PVA NFA,nanofiber aerogel,Pullulan/PVA (40/60 wt%),fibrous_aerogel,hybrid,pullulan,polysaccharide_or_lignocellulosic,pva,synthetic_polymer,,,pullulan + pva,2,1,0,0,1,0,0,0,0,0,0,0,0,https://pubs.acs.org/doi/10.1021/acsami.8b00455,,1.454,98.4,5.31E-10,,3500,240,98.2,4.08,1.5,15,208,0.656435216,0.0232
C-NFM-top,Commercial NFM with topping,commercial nanofiber mat/membrane,,commercial_filter_media,unclassified,,,,,,,,0,0,0,0,0,0,0,0,0,0,0,0,1,https://pubs.acs.org/doi/10.1021/acsami.8b00455,,,,,,,123,99.97,,1.5,,208,,
C-NFM-no-top,Commercial NFM without topping,commercial nanofiber mat/membrane,,commercial_filter_media,unclassified,,,,,,,,0,0,0,0,0,0,0,0,0,0,0,0,1,https://pubs.acs.org/doi/10.1021/acsami.8b00455,,,,,,,106,98.55,,1.5,,208,,
TOCN-A-0TBA,TOCN aerogel,nanocellulose aerogel,TEMPO-oxidized cellulose nanofibrils from softwood bleached kraft pulp; cellulose with sodium carboxylate groups,fibrous_aerogel,bio_based,cellulose,polysaccharide_or_lignocellulosic,,,,,cellulose,1,0,0,0,1,0,0,0,0,0,0,0,0,https://doi.org/10.1021/acsami.5b05841,,,,,94,7000,3,,,,,,,
TOCN-A-10TBA,TOCN aerogel,nanocellulose aerogel,TEMPO-oxidized cellulose nanofibrils from softwood bleached kraft pulp; cellulose with sodium carboxylate groups,fibrous_aerogel,bio_based,cellulose,polysaccharide_or_lignocellulosic,,,,,cellulose,1,0,0,0,1,0,0,0,0,0,0,0,0,https://doi.org/10.1021/acsami.5b05841,,,,,,,3,,,,,,,
TOCN-A-20TBA,TOCN aerogel,nanocellulose aerogel,TEMPO-oxidized cellulose nanofibrils from softwood bleached kraft pulp; cellulose with sodium carboxylate groups,fibrous_aerogel,bio_based,cellulose,polysaccharide_or_lignocellulosic,,,,,cellulose,1,0,0,0,1,0,0,0,0,0,0,0,0,https://doi.org/10.1021/acsami.5b05841,,,,,319,,3,,,,,,,
TOCN-A-30TBA,TOCN aerogel,nanocellulose aerogel,TEMPO-oxidized cellulose nanofibrils from softwood bleached kraft pulp; cellulose with sodium carboxylate groups,fibrous_aerogel,bio_based,cellulose,polysaccharide_or_lignocellulosic,,,,,cellulose,1,0,0,0,1,0,0,0,0,0,0,0,0,https://doi.org/10.1021/acsami.5b05841,,,,,310,,3,,,,,,,
TOCN-A-40TBA,TOCN aerogel,nanocellulose aerogel,TEMPO-oxidized cellulose nanofibrils from softwood bleached kraft pulp; cellulose with sodium carboxylate groups,fibrous_aerogel,bio_based,cellulose,polysaccharide_or_lignocellulosic,,,,,cellulose,1,0,0,0,1,0,0,0,0,0,0,0,0,https://doi.org/10.1021/acsami.5b05841,,,,,310,,3,,,,,,,
TOCN-A-50TBA,TOCN aerogel,nanocellulose aerogel,TEMPO-oxidized cellulose nanofibrils from softwood bleached kraft pulp; cellulose with sodium carboxylate groups,fibrous_aerogel,bio_based,cellulose,polysaccharide_or_lignocellulosic,,,,,cellulose,1,0,0,0,1,0,0,0,0,0,0,0,0,https://doi.org/10.1021/acsami.5b05841,,,,,310,,3,,,,,,,
TOCN-A-60TBA,TOCN aerogel,nanocellulose aerogel,TEMPO-oxidized cellulose nanofibrils from softwood bleached kraft pulp; cellulose with sodium carboxylate groups,fibrous_aerogel,bio_based,cellulose,polysaccharide_or_lignocellulosic,,,,,cellulose,1,0,0,0,1,0,0,0,0,0,0,0,0,https://doi.org/10.1021/acsami.5b05841,,,,,219,,3,,,,,,,
HEPA-BASE-125,HEPA-grade base filter,glass fiber air filter,borosilicate microglass fiber,nonwoven_fibrous_filter,inorganic,glass_fiber,inorganic_or_mineral,silica,inorganic_or_mineral,,,glass_fiber + silica,2,0,1,0,0,0,0,1,0,0,0,0,0,https://doi.org/10.1021/acsami.5b05841,,,,,,,,99.9599,,5.3,,125,,
HEPA-BASE-175,HEPA-grade base filter,glass fiber air filter,borosilicate microglass fiber,nonwoven_fibrous_filter,inorganic,glass_fiber,inorganic_or_mineral,silica,inorganic_or_mineral,,,glass_fiber + silica,2,0,1,0,0,0,0,1,0,0,0,0,0,https://doi.org/10.1021/acsami.5b05841,,,,,,,,99.9782,,5.3,,175,,
HEPA-BASE-250,HEPA-grade base filter,glass fiber air filter,borosilicate microglass fiber,nonwoven_fibrous_filter,inorganic,glass_fiber,inorganic_or_mineral,silica,inorganic_or_mineral,,,glass_fiber + silica,2,0,1,0,0,0,0,1,0,0,0,0,0,https://doi.org/10.1021/acsami.5b05841,,,,,,,,99.9933,,5.3,,250,,
HEPA-W-0.005-125,TOCN aerogel-containing filter,composite air filter,borosilicate microglass fiber + TOCN (water dispersion),monolithic_aerogel,hybrid,glass_fiber,inorganic_or_mineral,silica,inorganic_or_mineral,cellulose,polysaccharide_or_lignocellulosic,glass_fiber + silica + cellulose,3,0,1,0,1,0,0,1,0,0,0,0,0,https://doi.org/10.1021/acsami.5b05841,,,,,,,,99.9569,,5.3,,125,,
HEPA-W-0.005-175,TOCN aerogel-containing filter,composite air filter,borosilicate microglass fiber + TOCN (water dispersion),monolithic_aerogel,hybrid,glass_fiber,inorganic_or_mineral,silica,inorganic_or_mineral,cellulose,polysaccharide_or_lignocellulosic,glass_fiber + silica + cellulose,3,0,1,0,1,0,0,1,0,0,0,0,0,https://doi.org/10.1021/acsami.5b05841,,,,,,,,99.9803,,5.3,,175,,
HEPA-W-0.005-250,TOCN aerogel-containing filter,composite air filter,borosilicate microglass fiber + TOCN (water dispersion),monolithic_aerogel,hybrid,glass_fiber,inorganic_or_mineral,silica,inorganic_or_mineral,cellulose,polysaccharide_or_lignocellulosic,glass_fiber + silica + cellulose,3,0,1,0,1,0,0,1,0,0,0,0,0,https://doi.org/10.1021/acsami.5b05841,,,,,,,,99.995,,5.3,,250,,
HEPA-W-0.015-125,TOCN aerogel-containing filter,composite air filter,borosilicate microglass fiber + TOCN (water dispersion),monolithic_aerogel,hybrid,glass_fiber,inorganic_or_mineral,silica,inorganic_or_mineral,cellulose,polysaccharide_or_lignocellulosic,glass_fiber + silica + cellulose,3,0,1,0,1,0,0,1,0,0,0,0,0,https://doi.org/10.1021/acsami.5b05841,,,,,,,,99.9631,,5.3,,125,,
HEPA-W-0.015-175,TOCN aerogel-containing filter,composite air filter,borosilicate microglass fiber + TOCN (water dispersion),monolithic_aerogel,hybrid,glass_fiber,inorganic_or_mineral,silica,inorganic_or_mineral,cellulose,polysaccharide_or_lignocellulosic,glass_fiber + silica + cellulose,3,0,1,0,1,0,0,1,0,0,0,0,0,https://doi.org/10.1021/acsami.5b05841,,,,,,,,99.9846,,5.3,,175,,
HEPA-W-0.015-250,TOCN aerogel-containing filter,composite air filter,borosilicate microglass fiber + TOCN (water dispersion),monolithic_aerogel,hybrid,glass_fiber,inorganic_or_mineral,silica,inorganic_or_mineral,cellulose,polysaccharide_or_lignocellulosic,glass_fiber + silica + cellulose,3,0,1,0,1,0,0,1,0,0,0,0,0,https://doi.org/10.1021/acsami.5b05841,,,,,,,,99.9959,,5.3,,250,,
HEPA-W-0.030-125,TOCN aerogel-containing filter,composite air filter,borosilicate microglass fiber + TOCN (water dispersion),monolithic_aerogel,hybrid,glass_fiber,inorganic_or_mineral,silica,inorganic_or_mineral,cellulose,polysaccharide_or_lignocellulosic,glass_fiber + silica + cellulose,3,0,1,0,1,0,0,1,0,0,0,0,0,https://doi.org/10.1021/acsami.5b05841,,,,,,,,99.9604,,5.3,,125,,
HEPA-W-0.030-175,TOCN aerogel-containing filter,composite air filter,borosilicate microglass fiber + TOCN (water dispersion),monolithic_aerogel,hybrid,glass_fiber,inorganic_or_mineral,silica,inorganic_or_mineral,cellulose,polysaccharide_or_lignocellulosic,glass_fiber + silica + cellulose,3,0,1,0,1,0,0,1,0,0,0,0,0,https://doi.org/10.1021/acsami.5b05841,,,,,,,,99.9841,,5.3,,175,,
HEPA-W-0.030-250,TOCN aerogel-containing filter,composite air filter,borosilicate microglass fiber + TOCN (water dispersion),monolithic_aerogel,hybrid,glass_fiber,inorganic_or_mineral,silica,inorganic_or_mineral,cellulose,polysaccharide_or_lignocellulosic,glass_fiber + silica + cellulose,3,0,1,0,1,0,0,1,0,0,0,0,0,https://doi.org/10.1021/acsami.5b05841,,,,,,,,99.9959,,5.3,,250,,
HEPA-TBA30-0.005-125,TOCN aerogel-containing filter,composite air filter,borosilicate microglass fiber + TOCN (water/TBA 30 wt% dispersion),monolithic_aerogel,hybrid,glass_fiber,inorganic_or_mineral,silica,inorganic_or_mineral,cellulose,polysaccharide_or_lignocellulosic,glass_fiber + silica + cellulose,3,0,1,0,1,0,0,1,0,0,0,0,0,https://doi.org/10.1021/acsami.5b05841,,,,,,,,99.9907,,5.3,,125,,
HEPA-TBA30-0.005-175,TOCN aerogel-containing filter,composite air filter,borosilicate microglass fiber + TOCN (water/TBA 30 wt% dispersion),monolithic_aerogel,hybrid,glass_fiber,inorganic_or_mineral,silica,inorganic_or_mineral,cellulose,polysaccharide_or_lignocellulosic,glass_fiber + silica + cellulose,3,0,1,0,1,0,0,1,0,0,0,0,0,https://doi.org/10.1021/acsami.5b05841,,,,,,,,99.9955,,5.3,,175,,
HEPA-TBA30-0.005-250,TOCN aerogel-containing filter,composite air filter,borosilicate microglass fiber + TOCN (water/TBA 30 wt% dispersion),monolithic_aerogel,hybrid,glass_fiber,inorganic_or_mineral,silica,inorganic_or_mineral,cellulose,polysaccharide_or_lignocellulosic,glass_fiber + silica + cellulose,3,0,1,0,1,0,0,1,0,0,0,0,0,https://doi.org/10.1021/acsami.5b05841,,,,,,,,99.9987,,5.3,,250,,
HEPA-TBA30-0.015-125,TOCN aerogel-containing filter,composite air filter,borosilicate microglass fiber + TOCN (water/TBA 30 wt% dispersion),monolithic_aerogel,hybrid,glass_fiber,inorganic_or_mineral,silica,inorganic_or_mineral,cellulose,polysaccharide_or_lignocellulosic,glass_fiber + silica + cellulose,3,0,1,0,1,0,0,1,0,0,0,0,0,https://doi.org/10.1021/acsami.5b05841,,,,,,,,99.9968,,5.3,,125,,
HEPA-TBA30-0.015-175,TOCN aerogel-containing filter,composite air filter,borosilicate microglass fiber + TOCN (water/TBA 30 wt% dispersion),monolithic_aerogel,hybrid,glass_fiber,inorganic_or_mineral,silica,inorganic_or_mineral,cellulose,polysaccharide_or_lignocellulosic,glass_fiber + silica + cellulose,3,0,1,0,1,0,0,1,0,0,0,0,0,https://doi.org/10.1021/acsami.5b05841,,,,,,,,99.9988,,5.3,,175,,
HEPA-TBA30-0.015-250,TOCN aerogel-containing filter,composite air filter,borosilicate microglass fiber + TOCN (water/TBA 30 wt% dispersion),monolithic_aerogel,hybrid,glass_fiber,inorganic_or_mineral,silica,inorganic_or_mineral,cellulose,polysaccharide_or_lignocellulosic,glass_fiber + silica + cellulose,3,0,1,0,1,0,0,1,0,0,0,0,0,https://doi.org/10.1021/acsami.5b05841,,,,,,,,99.9997,,5.3,,250,,
HEPA-TBA30-0.031-125,TOCN aerogel-containing filter,composite air filter,borosilicate microglass fiber + TOCN (water/TBA 30 wt% dispersion),monolithic_aerogel,hybrid,glass_fiber,inorganic_or_mineral,silica,inorganic_or_mineral,cellulose,polysaccharide_or_lignocellulosic,glass_fiber + silica + cellulose,3,0,1,0,1,0,0,1,0,0,0,0,0,https://doi.org/10.1021/acsami.5b05841,,,,,,,,99.9996,,5.3,,125,,
HEPA-TBA30-0.031-175,TOCN aerogel-containing filter,composite air filter,borosilicate microglass fiber + TOCN (water/TBA 30 wt% dispersion),monolithic_aerogel,hybrid,glass_fiber,inorganic_or_mineral,silica,inorganic_or_mineral,cellulose,polysaccharide_or_lignocellulosic,glass_fiber + silica + cellulose,3,0,1,0,1,0,0,1,0,0,0,0,0,https://doi.org/10.1021/acsami.5b05841,,,,,,,,99.9998,,5.3,,175,,
HEPA-TBA30-0.031-250,TOCN aerogel-containing filter,composite air filter,borosilicate microglass fiber + TOCN (water/TBA 30 wt% dispersion),monolithic_aerogel,hybrid,glass_fiber,inorganic_or_mineral,silica,inorganic_or_mineral,cellulose,polysaccharide_or_lignocellulosic,glass_fiber + silica + cellulose,3,0,1,0,1,0,0,1,0,0,0,0,0,https://doi.org/10.1021/acsami.5b05841,,,,,,,,99.9998,,5.3,,250,,
HAP-unwashed,Freeze-dried HAP nanowire sample without washing,inorganic nanowire aerogel precursor,hydroxyapatite + NaCl + residual oleate/salts,pre_aerogel_or_pre_filter,inorganic,hydroxyapatite,inorganic_or_mineral,,,,,hydroxyapatite,1,0,1,0,0,0,0,0,0,0,0,0,0,https://doi.org/10.1021/acsami.8b02081,,,,,,,,,,,,,,
HAP-hydrophobic,Hydrophobic HAP nanowire aerogel,inorganic nanowire aerogel,hydroxyapatite nanowires with residual surface oleate after ethanol/water washing,fibrous_aerogel,inorganic,hydroxyapatite,inorganic_or_mineral,,,,,hydroxyapatite,1,0,1,0,0,0,0,0,0,0,0,0,0,https://doi.org/10.1021/acsami.8b02081,,3.163,99.73,,,,,,,,,,,0.00854
HAP-hydrophilic,Hydrophilic HAP nanowire aerogel,inorganic nanowire aerogel,hydroxyapatite nanowires after NaOH/ethanol/water washing,fibrous_aerogel,inorganic,hydroxyapatite,inorganic_or_mineral,,,,,hydroxyapatite,1,0,1,0,0,0,0,0,0,0,0,0,0,https://doi.org/10.1021/acsami.8b02081,,3.156,99.68,,,,,,,,,,,0.0101
HAP-filter-3mm-1.26,Hydrophobic HAP nanowire aerogel filter,inorganic aerogel air filter,hydroxyapatite nanowire aerogel,fibrous_aerogel,inorganic,hydroxyapatite,inorganic_or_mineral,,,,,hydroxyapatite,1,0,1,0,0,0,0,0,0,0,0,0,0,https://doi.org/10.1021/acsami.8b02081,,3.163,99.73,,,,,,2.48,1.26,3,,,0.00854
HAP-filter-6mm-1.26,Hydrophobic HAP nanowire aerogel filter,inorganic aerogel air filter,hydroxyapatite nanowire aerogel,fibrous_aerogel,inorganic,hydroxyapatite,inorganic_or_mineral,,,,,hydroxyapatite,1,0,1,0,0,0,0,0,0,0,0,0,0,https://doi.org/10.1021/acsami.8b02081,,3.163,99.73,,,,,,1.26,1.26,6,,,0.00854
HAP-filter-9mm-1.26,Hydrophobic HAP nanowire aerogel filter,inorganic aerogel air filter,hydroxyapatite nanowire aerogel,fibrous_aerogel,inorganic,hydroxyapatite,inorganic_or_mineral,,,,,hydroxyapatite,1,0,1,0,0,0,0,0,0,0,0,0,0,https://doi.org/10.1021/acsami.8b02081,,3.163,99.73,,,,,,1.74,1.26,9,,,0.00854
HAP-filter-9mm-2.51,Hydrophobic HAP nanowire aerogel filter,inorganic aerogel air filter,hydroxyapatite nanowire aerogel,fibrous_aerogel,inorganic,hydroxyapatite,inorganic_or_mineral,,,,,hydroxyapatite,1,0,1,0,0,0,0,0,0,0,0,0,0,https://doi.org/10.1021/acsami.8b02081,,3.163,99.73,,,,,,18.92,2.51,9,,,0.00854
HAP-filter-9mm-PM2.5,Hydrophobic HAP nanowire aerogel filter,inorganic aerogel air filter,hydroxyapatite nanowire aerogel,fibrous_aerogel,inorganic,hydroxyapatite,inorganic_or_mineral,,,,,hydroxyapatite,1,0,1,0,0,0,0,0,0,0,0,0,0,https://doi.org/10.1021/acsami.8b02081,,3.163,99.73,,,,,99,,,9,,,0.00854
HAP-filter-9mm-PM10,Hydrophobic HAP nanowire aerogel filter,inorganic aerogel air filter,hydroxyapatite nanowire aerogel,fibrous_aerogel,inorganic,hydroxyapatite,inorganic_or_mineral,,,,,hydroxyapatite,1,0,1,0,0,0,0,0,0,0,0,0,0,https://doi.org/10.1021/acsami.8b02081,,3.163,99.73,,,,,99,,,9,,,0.00854
PIAF-MUS-N,"Muslin, neat",fabric substrate,cellulose-based muslin fabric,fabric_supported_coating,bio_based,cellulose,polysaccharide_or_lignocellulosic,,,,,cellulose,1,0,0,0,1,0,0,0,0,0,0,1,0,https://doi.org/10.1021/acsapm.3c01822,,1.55,87,2.30E-09,,100000,,0,,,,75,,0.2
PIAF-COT-N,"Cotton, neat",fabric substrate,cellulose-based cotton fabric,fabric_supported_coating,bio_based,cellulose,polysaccharide_or_lignocellulosic,,,,,cellulose,1,0,0,0,1,0,0,0,0,0,0,1,0,https://doi.org/10.1021/acsapm.3c01822,,1.55,78,1.70E-09,,100000,,0,,,,75,,0.37
PIAF-PES-N,"Polyester, neat",fabric substrate,polyester fabric,fabric_supported_coating,synthetic_polymer,pet_polyester,synthetic_polymer,,,,,pet_polyester,1,1,0,0,0,0,0,0,0,0,0,1,0,https://doi.org/10.1021/acsapm.3c01822,,1.42,71,4.10E-10,,100000,,0,,,,75,,0.41
PIAF-NYL-N,"Nylon, neat",fabric substrate,nylon fabric,fabric_supported_coating,synthetic_polymer,nylon,synthetic_polymer,,,,,nylon,1,1,0,0,0,0,0,0,0,0,0,1,0,https://doi.org/10.1021/acsapm.3c01822,,1.18,84,1.20E-09,,100000,,0,,,,75,,0.19
PIAF-MUS-C,"Muslin, dip-coated",aerogel-coated fabric,muslin fabric + crosslinked PI aerogel coating (BPDA/DMBZ/BAPN/TAB; DMBZ:BAPN = 65:35 by wt),fabric_supported_coating,synthetic_polymer,polyimide,synthetic_polymer,,,,,polyimide,1,1,0,0,0,0,0,0,0,0,0,1,0,https://doi.org/10.1021/acsapm.3c01822,8.5,1.47,90,3.20E-10,,103,50,99.82,,,0.15,75,,0.15
PIAF-COT-C,"Cotton, dip-coated",aerogel-coated fabric,cotton fabric + crosslinked PI aerogel coating (BPDA/DMBZ/BAPN/TAB; DMBZ:BAPN = 65:35 by wt),fabric_supported_coating,synthetic_polymer,polyimide,synthetic_polymer,,,,,polyimide,1,1,0,0,0,0,0,0,0,0,0,1,0,https://doi.org/10.1021/acsapm.3c01822,8.5,1.49,76,3.10E-10,,103,50,97.99,,,0.15,75,,0.34
PIAF-PES-C,"Polyester, dip-coated",aerogel-coated fabric,polyester fabric + crosslinked PI aerogel coating (BPDA/DMBZ/BAPN/TAB; DMBZ:BAPN = 65:35 by wt),fabric_supported_coating,synthetic_polymer,pet_polyester,synthetic_polymer,polyimide,synthetic_polymer,,,pet_polyester + polyimide,2,1,0,0,0,0,0,0,0,0,0,1,0,https://doi.org/10.1021/acsapm.3c01822,8.5,1.41,75,1.80E-10,,103,50,95.54,,,0.15,75,,0.36
PIAF-NYL-C,"Nylon, dip-coated",aerogel-coated fabric,nylon fabric + crosslinked PI aerogel coating (BPDA/DMBZ/BAPN/TAB; DMBZ:BAPN = 65:35 by wt),fabric_supported_coating,synthetic_polymer,nylon,synthetic_polymer,polyimide,synthetic_polymer,,,nylon + polyimide,2,1,0,0,0,0,0,0,0,0,0,1,0,https://doi.org/10.1021/acsapm.3c01822,8.5,1.25,86,5.90E-10,,103,50,82.2,,,0.15,75,,0.18
PIAF-PI-AERO,Polyimide aerogel monolith/film,polymer aerogel,crosslinked PI aerogel from BPDA + DMBZ + BAPN + TAB (DMBZ:BAPN = 65:35 by wt),monolithic_aerogel,synthetic_polymer,polyimide,synthetic_polymer,,,,,polyimide,1,1,0,0,0,0,0,0,0,0,0,0,0,https://doi.org/10.1021/acsapm.3c01822,8.5,1.41,91.7,9.37E-11,213,50,,99.998,,,,75,,0.114
PIAF-MUS-R,"Muslin, roll-coated",aerogel-coated fabric,muslin fabric + crosslinked PI aerogel coating (BPDA/DMBZ/BAPN/TAB; DMBZ:BAPN = 65:35 by wt),fabric_supported_coating,synthetic_polymer,polyimide,synthetic_polymer,,,,,polyimide,1,1,0,0,0,0,0,0,0,0,0,1,0,https://doi.org/10.1021/acsapm.3c01822,8.5,,,,,,,99.8,,,0.15,75,,
PIAF-COT-R,"Cotton, roll-coated",aerogel-coated fabric,cotton fabric + crosslinked PI aerogel coating (BPDA/DMBZ/BAPN/TAB; DMBZ:BAPN = 65:35 by wt),fabric_supported_coating,synthetic_polymer,polyimide,synthetic_polymer,,,,,polyimide,1,1,0,0,0,0,0,0,0,0,0,1,0,https://doi.org/10.1021/acsapm.3c01822,8.5,,,,,,,98.6,,,0.15,75,,
PIAF-PES-R,"Polyester, roll-coated",aerogel-coated fabric,polyester fabric + crosslinked PI aerogel coating (BPDA/DMBZ/BAPN/TAB; DMBZ:BAPN = 65:35 by wt),fabric_supported_coating,synthetic_polymer,pet_polyester,synthetic_polymer,polyimide,synthetic_polymer,,,pet_polyester + polyimide,2,1,0,0,0,0,0,0,0,0,0,1,0,https://doi.org/10.1021/acsapm.3c01822,8.5,,,,,,,99.3,,,0.15,75,,
PIAF-NYL-R,"Nylon, roll-coated",aerogel-coated fabric,nylon fabric + crosslinked PI aerogel coating (BPDA/DMBZ/BAPN/TAB; DMBZ:BAPN = 65:35 by wt),fabric_supported_coating,synthetic_polymer,nylon,synthetic_polymer,polyimide,synthetic_polymer,,,nylon + polyimide,2,1,0,0,0,0,0,0,0,0,0,1,0,https://doi.org/10.1021/acsapm.3c01822,8.5,,,,,,,94.9,,,0.15,75,,
PIAF-SURG-MASK,Surgical mask,commercial benchmark filter medium,melt-blown polypropylene surgical mask,commercial_filter_media,synthetic_polymer,polypropylene,synthetic_polymer,,,,,polypropylene,1,1,0,0,0,0,0,0,0,0,0,0,1,https://doi.org/10.1021/acsapm.3c01822,,,,1.96E-10,,,,62.1,,,,75,,
PI-NMP-2.5,"Polyimide aerogel (NMP, 2.5 wt% initial gel)",polymer aerogel monolith,crosslinked PI from PMDA + DMBZ + TAB; NMP solvent,monolithic_aerogel,synthetic_polymer,polyimide,synthetic_polymer,,,,,polyimide,1,1,0,0,0,0,0,0,0,0,0,0,0,https://doi.org/10.1021/acsami.7b09345,2.5,1.3638,98,2.98E-10,570,1000,,98.921,,47.16,3.75,75,,0.03
PI-NMP-5.0,"Polyimide aerogel (NMP, 5.0 wt% initial gel)",polymer aerogel monolith,crosslinked PI from PMDA + DMBZ + TAB; NMP solvent,monolithic_aerogel,synthetic_polymer,polyimide,synthetic_polymer,,,,,polyimide,1,1,0,0,0,0,0,0,0,0,0,0,0,https://doi.org/10.1021/acsami.7b09345,5,1.3808,96,1.96E-10,753,900,,99.554,,47.16,3.75,75,,0.058
PI-NMP-7.5,"Polyimide aerogel (NMP, 7.5 wt% initial gel)",polymer aerogel monolith,crosslinked PI from PMDA + DMBZ + TAB; NMP solvent,monolithic_aerogel,synthetic_polymer,polyimide,synthetic_polymer,,,,,polyimide,1,1,0,0,0,0,0,0,0,0,0,0,0,https://doi.org/10.1021/acsami.7b09345,7.5,1.3829,93,1.33E-10,855,150,,99.971,,47.16,3.75,75,,0.091
PI-NMP-10,"Polyimide aerogel (NMP, 10 wt% initial gel)",polymer aerogel monolith,crosslinked PI from PMDA + DMBZ + TAB; NMP solvent,monolithic_aerogel,synthetic_polymer,polyimide,synthetic_polymer,,,,,polyimide,1,1,0,0,0,0,0,0,0,0,0,0,0,https://doi.org/10.1021/acsami.7b09345,10,1.4126,91,1.01E-10,953,100,,99.998,,47.16,3.75,75,,0.121
PI-DMF-2.5,"Polyimide aerogel (DMF, 2.5 wt% initial gel)",polymer aerogel monolith,crosslinked PI from PMDA + DMBZ + TAB; DMF solvent,monolithic_aerogel,synthetic_polymer,polyimide,synthetic_polymer,,,,,polyimide,1,1,0,0,0,0,0,0,0,0,0,0,0,https://doi.org/10.1021/acsami.7b09345,2.5,1.3668,98,4.12E-10,473,1200,,98.202,,47.16,3.75,75,,0.025
PI-DMF-5.0,"Polyimide aerogel (DMF, 5.0 wt% initial gel)",polymer aerogel monolith,crosslinked PI from PMDA + DMBZ + TAB; DMF solvent,monolithic_aerogel,synthetic_polymer,polyimide,synthetic_polymer,,,,,polyimide,1,1,0,0,0,0,0,0,0,0,0,0,0,https://doi.org/10.1021/acsami.7b09345,5,1.3822,96,3.37E-10,679,1000,,99.46,,47.16,3.75,75,,0.051
PI-DMF-7.5,"Polyimide aerogel (DMF, 7.5 wt% initial gel)",polymer aerogel monolith,crosslinked PI from PMDA + DMBZ + TAB; DMF solvent,monolithic_aerogel,synthetic_polymer,polyimide,synthetic_polymer,,,,,polyimide,1,1,0,0,0,0,0,0,0,0,0,0,0,https://doi.org/10.1021/acsami.7b09345,7.5,1.4009,95,3.03E-10,747,1000,,99.958,,47.16,3.75,75,,0.076
PI-DMF-10,"Polyimide aerogel (DMF, 10 wt% initial gel)",polymer aerogel monolith,crosslinked PI from PMDA + DMBZ + TAB; DMF solvent,monolithic_aerogel,synthetic_polymer,polyimide,synthetic_polymer,,,,,polyimide,1,1,0,0,0,0,0,0,0,0,0,0,0,https://doi.org/10.1021/acsami.7b09345,10,1.4288,93,2.43E-10,799,900,,99.998,,47.16,3.75,75,,0.101
CSA-0,"Cage-like structured aerogel, 0 wt% BC",composite nanofibrous aerogel,electrospun SiO2 nanofibers + Si-O-Si binder + DMDMH precursor; no BC nanofibers,pre_aerogel_or_pre_filter,hybrid,silica,inorganic_or_mineral,n_halamine,functional_additive,cellulose,polysaccharide_or_lignocellulosic,silica + n_halamine + cellulose,3,0,1,0,1,0,0,1,0,0,1,0,0,https://doi.org/10.1002/adfm.202107223,,,,,2.67,12500,206,,,,,300,,
CSA-10,"Cage-like structured aerogel, 10 wt% BC",composite nanofibrous aerogel,electrospun SiO2 nanofibers + BC nanofibers (10 wt%) + Si-O-Si binder + DMDMH precursor,pre_aerogel_or_pre_filter,hybrid,silica,inorganic_or_mineral,cellulose,polysaccharide_or_lignocellulosic,n_halamine,functional_additive,silica + cellulose + n_halamine,3,0,1,0,1,0,0,1,0,0,1,0,0,https://doi.org/10.1002/adfm.202107223,,,,,,6900,,,,,,300,,
CSA-20,"Cage-like structured aerogel, 20 wt% BC",composite nanofibrous aerogel,electrospun SiO2 nanofibers + BC nanofibers (20 wt%) + Si-O-Si binder + DMDMH precursor,pre_aerogel_or_pre_filter,hybrid,silica,inorganic_or_mineral,cellulose,polysaccharide_or_lignocellulosic,n_halamine,functional_additive,silica + cellulose + n_halamine,3,0,1,0,1,0,0,1,0,0,1,0,0,https://doi.org/10.1002/adfm.202107223,,,,,6.02,4500,,99.97,,,,300,,
CSA-30,"Cage-like structured aerogel, 30 wt% BC",composite nanofibrous aerogel,electrospun SiO2 nanofibers + BC nanofibers (30 wt%) + Si-O-Si binder + DMDMH precursor,pre_aerogel_or_pre_filter,hybrid,silica,inorganic_or_mineral,cellulose,polysaccharide_or_lignocellulosic,n_halamine,functional_additive,silica + cellulose + n_halamine,3,0,1,0,1,0,0,1,0,0,1,0,0,https://doi.org/10.1002/adfm.202107223,,,,,,3800,,,,,,300,,
CSA-Cl,Chlorinated antimicrobial CSA,antimicrobial composite nanofibrous aerogel,chlorinated N-halamine-functionalized CSA; electrospun SiO2 nanofibers + BC nanofibers + Si-O-Si binder + grafted DMDMH/N-Cl groups,electrospun_nanofiber_membrane,hybrid,n_halamine,functional_additive,silica,inorganic_or_mineral,cellulose,polysaccharide_or_lignocellulosic,n_halamine + silica + cellulose,3,0,1,0,1,0,0,1,0,0,1,0,0,https://doi.org/10.1002/adfm.202107223,,,,,,,,,,,20,,,
sPS20,d-form sPS aerogel,polymer aerogel monolith,d-form syndiotactic polystyrene (sPS),monolithic_aerogel,synthetic_polymer,sps,synthetic_polymer,,,,,sps,1,1,0,0,0,0,0,0,0,0,0,0,0,https://doi.org/10.1016/j.seppur.2016.04.017,2,1.056,97.16,2.23E-10,379,1000,,98.889,42.6,50,3.75,75,0.281684487,0.03
sPS25,d-form sPS aerogel,polymer aerogel monolith,d-form syndiotactic polystyrene (sPS),monolithic_aerogel,synthetic_polymer,sps,synthetic_polymer,,,,,sps,1,1,0,0,0,0,0,0,0,0,0,0,0,https://doi.org/10.1016/j.seppur.2016.04.017,2.5,1.056,96.78,1.45E-10,377,1000,,99.734,65.5,50,3.75,75,0.241401696,0.034
H20-64,sPS-silica hybrid aerogel,organic-inorganic hybrid aerogel monolith,d-form sPS + discontinuous silica aerogel particles grown from TEOS,monolithic_aerogel,hybrid,sps,synthetic_polymer,silica,inorganic_or_mineral,,,sps + silica,2,1,1,0,0,0,0,1,0,0,0,0,0,https://doi.org/10.1016/j.seppur.2016.04.017,,1.282,96.57,2.18E-10,383,1000,,99.011,43.5,50,3.75,75,0.282987349,0.044
H20-46,sPS-silica hybrid aerogel,organic-inorganic hybrid aerogel monolith,d-form sPS + discontinuous silica aerogel particles grown from TEOS,monolithic_aerogel,hybrid,sps,synthetic_polymer,silica,inorganic_or_mineral,,,sps + silica,2,1,1,0,0,0,0,1,0,0,0,0,0,https://doi.org/10.1016/j.seppur.2016.04.017,,1.344,96.13,1.12E-10,476,1000,,99.354,84.5,50,3.75,75,0.159120346,0.052
H20-37,sPS-silica hybrid aerogel,organic-inorganic hybrid aerogel monolith,d-form sPS + discontinuous silica aerogel particles grown from TEOS,monolithic_aerogel,hybrid,sps,synthetic_polymer,silica,inorganic_or_mineral,,,sps + silica,2,1,1,0,0,0,0,1,0,0,0,0,0,https://doi.org/10.1016/j.seppur.2016.04.017,,1.398,95.77,1.22E-10,490,1000,,99.963,77.5,50,3.75,75,0.271897034,0.059
H25-64,sPS-silica hybrid aerogel ,organic-inorganic hybrid aerogel monolith,d-form sPS + discontinuous silica aerogel particles grown from TEOS,monolithic_aerogel,hybrid,sps,synthetic_polymer,silica,inorganic_or_mineral,,,sps + silica,2,1,1,0,0,0,0,1,0,0,0,0,0,https://doi.org/10.1016/j.seppur.2016.04.017,,1.27,95.74,2.00E-10,443,1000,,99.844,47.3,50,3.75,75,0.36437319,0.054
H25-46,sPS-silica hybrid aerogel,organic-inorganic hybrid aerogel monolith,d-form sPS + discontinuous silica aerogel particles grown from TEOS,monolithic_aerogel,hybrid,sps,synthetic_polymer,silica,inorganic_or_mineral,,,sps + silica,2,1,1,0,0,0,0,1,0,0,0,0,0,https://doi.org/10.1016/j.seppur.2016.04.017,,1.302,95.55,9.70E-11,426,1000,,99.989,97.8,50,3.75,75,0.248535247,0.057
H25-37,sPS-silica hybrid aerogel,organic-inorganic hybrid aerogel monolith,d-form sPS + discontinuous silica aerogel particles grown from TEOS,monolithic_aerogel,hybrid,sps,synthetic_polymer,silica,inorganic_or_mineral,,,sps + silica,2,1,1,0,0,0,0,1,0,0,0,0,0,https://doi.org/10.1016/j.seppur.2016.04.017,,1.315,95.35,9.10E-11,458,1000,,99.998,104.3,50,3.75,75,0.276632235,0.061
PE-1,PE aerogel,polymer aerogel,PE dissolved in beta-pinene,monolithic_aerogel,synthetic_polymer,polyethylene,synthetic_polymer,,,,,polyethylene,1,1,0,0,0,0,0,0,0,0,0,0,0,M. Ghosh lab data,7,,89.57,6.11E-12,10,,,90.37,,14.17,3.75,75,,0.10095
PP-1,PP aerogel,polymer aerogel,PP dissolved in beta-pinene,monolithic_aerogel,synthetic_polymer,polypropylene,synthetic_polymer,,,,,polypropylene,1,1,0,0,0,0,0,0,0,0,0,0,0,M. Ghosh lab data,7,,91.5,1.23E-09,172,,,99.45,,14.17,3.75,75,,0.07702
PE-2,PE aerogel,polymer aerogel,PE dissolved in orange terpene,monolithic_aerogel,synthetic_polymer,polyethylene,synthetic_polymer,,,,,polyethylene,1,1,0,0,0,0,0,0,0,0,0,0,0,M. Ghosh lab data,7,,91.37,2.17E-10,11,,,87.5,,14.17,3.75,75,,0.08365
PP-2,PP aerogel,polymer aerogel,PP dissolved in orange terpene,monolithic_aerogel,synthetic_polymer,polypropylene,synthetic_polymer,,,,,polypropylene,1,1,0,0,0,0,0,0,0,0,0,0,0,M. Ghosh lab data,7,,92.31,1.70E-09,184,,,79.7,,14.17,3.75,75,,0.06992
SNF-AIR-5L,SNF aerogel,silk nanofibrillar aerogel,Bombyx mori silk nanofibrils,fibrous_aerogel,bio_based,silk,protein_based,,,,,silk,1,0,0,0,0,1,0,0,0,0,0,0,0,https://doi.org/10.1002/smll.202500226,,,,,,,85.3,99.1,2.24,1.7,5,300,4.205830984,0.0038
SNF-AIR-15L,SNF aerogel,silk nanofibrillar aerogel,Bombyx mori silk nanofibrillar aerogel,fibrous_aerogel,bio_based,silk,protein_based,,,,,silk,1,0,0,0,0,1,0,0,0,0,0,0,0,https://doi.org/10.1002/smll.202500226,,,,,,,85.3,98.7,10.65,5.1,5,300,0.815550408,0.0038
SNF-AIR-32L,SNF aerogel,silk nanofibrillar aerogel,Bombyx mori silk nanofibrils,fibrous_aerogel,bio_based,silk,protein_based,,,,,silk,1,0,0,0,0,1,0,0,0,0,0,0,0,https://doi.org/10.1002/smll.202500226,,,,,,,85.3,98.9,26.02,10.88,5,300,0.346645658,0.0038
SNF-AIR-85L-5mm,SNF aerogel,silk nanofibrillar aerogel,Bombyx mori silk nanofibrils,fibrous_aerogel,bio_based,silk,protein_based,,,,,silk,1,0,0,0,0,1,0,0,0,0,0,0,0,https://doi.org/10.1002/smll.202500226,,,,,,,85.3,96.6,51.8,28.91,5,300,0.130555782,0.0038
SNF-AIR-85L-3mm,SNF aerogel,silk nanofibrillar aerogel,Bombyx mori silk nanofibrils,fibrous_aerogel,bio_based,silk,protein_based,,,,,silk,1,0,0,0,0,1,0,0,0,0,0,0,0,https://doi.org/10.1002/smll.202500226,,,,,,,85.3,89.7,65.13,28.91,3,300,0.116332785,0.0038
SNF-AIR-85L-7mm,SNF aerogel,silk nanofibrillar aerogel,Bombyx mori silk nanofibrils,fibrous_aerogel,bio_based,silk,protein_based,,,,,silk,1,0,0,0,0,1,0,0,0,0,0,0,0,https://doi.org/10.1002/smll.202500226,,,,,,,85.3,,42.33,28.91,7,300,,0.0038
SNF-AIR-85L-9mm,SNF aerogel,silk nanofibrillar aerogel,Bombyx mori silk nanofibrils,fibrous_aerogel,bio_based,silk,protein_based,,,,,silk,1,0,0,0,0,1,0,0,0,0,0,0,0,https://doi.org/10.1002/smll.202500226,,,,,,,85.3,,35.09,28.91,9,300,,0.0038
SNF-SMOKE-01,SNF aerogel,silk nanofibrillar aerogel,Bombyx mori silk nanofibrils,fibrous_aerogel,bio_based,silk,protein_based,,,,,silk,1,0,0,0,0,1,0,0,0,0,0,0,0,https://doi.org/10.1002/smll.202500226,,,,,,,85.3,,,,,1900,,0.0038
PI-aerogel-1,PFPI-1 polyimide composite aerogel membrane,aerogel membrane,polyimide (ODA-BPDA) reinforced with electrospun PI nanofibers,electrospun_nanofiber_membrane,synthetic_polymer,polyimide,synthetic_polymer,,,,,polyimide,1,1,0,0,0,0,0,0,0,0,0,0,0,https://doi.org/10.1016/j.seppur.2021.119393,1,,,,,50,,99.91,,3.55,,2500,,
HDPE_AE_4,HDPE aerogel filter media (4% HDPE solution),aerogel composite filter,HDPE aerogel + 3D-printed iPP gyroid scaffold,monolithic_aerogel,synthetic_polymer,polyethylene,synthetic_polymer,,,,,polyethylene,1,1,0,0,0,0,0,0,0,0,0,0,0,https://doi.org/10.1021/acsami.5c09968,4,0.966,94,6.50E-10,20,1000,,99.97,25.5,90,3,75,1.060356612,0.063
HDPE_AE_7,HDPE aerogel filter media (7% HDPE solution),aerogel composite filter,HDPE aerogel + 3D-printed iPP gyroid scaffold,monolithic_aerogel,synthetic_polymer,polyethylene,synthetic_polymer,,,,,polyethylene,1,1,0,0,0,0,0,0,0,0,0,0,0,https://doi.org/10.1021/acsami.5c09968,7,0.966,91,6.90E-10,7,2000,,99.998,24.1,90,3,75,1.496511519,0.085
surgical mask,Surgical mask,Nonwoven fabric,Meltblown Polypropylene,commercial_filter_media,synthetic_polymer,polypropylene,synthetic_polymer,,,,,polypropylene,1,1,0,0,0,0,0,0,0,0,0,0,1,https://doi.org/10.1021/acsami.5c09968,,,,3.90E-10,,,,75.1,14.1,50,0.5,75,1.972060117,
N-95,N95 mask,Nonwoven fabric,Meltblown Polypropylene,nonwoven_fibrous_filter,synthetic_polymer,polypropylene,synthetic_polymer,,,,,polypropylene,1,1,0,0,0,0,0,0,0,0,0,0,0,https://doi.org/10.1021/acsami.5c09968,,,,8.00E-10,,,,97.99,17.6,50,,75,,
S1,PAN nanofiber air filter A (laminated),electrospun nanofiber/nonwoven laminate,PAN nanofiber laminated to nonwoven substrate,multilayer_filter,synthetic_polymer,pan,synthetic_polymer,,,,,pan,1,1,0,0,0,0,0,0,0,0,0,1,0,https://doi.org/10.3390/app6090235,10,,,,,,250,91,22,5.3,,300,,
S2,PAN nanofiber air filter B (sandwich laminate),electrospun nanofiber/nonwoven laminate,Nonwoven/PAN nanofiber/nonwoven sandwich,multilayer_filter,synthetic_polymer,pan,synthetic_polymer,,,,,pan,1,1,0,0,0,0,0,0,0,0,0,0,0,https://doi.org/10.3390/app6090235,10,,,,,,250,95,25,5.3,,300,,
S3,PAN10%–1%Ag electrospun membrane (basis weight 1.50 g/m² used for optimization),electrospun nanofiber membrane w/ nanoparticles,PAN in DMF with 1 wt% Ag nanoparticles (AgNPs); electrospun,electrospun_nanofiber_membrane,hybrid,pan,synthetic_polymer,silver,inorganic_or_mineral,,,pan + silver,2,1,1,0,0,0,0,0,0,1,1,0,0,https://doi.org/10.1007/s00289-022-04311-1,,,,,42.46,620,,99.27,3.36,5.33,,100,,
S4,PVDF nanofiber membrane (18% solution condition),electrospun nanofiber membrane,PVDF in DMF:acetone (7:3) as spinning solvent system,electrospun_nanofiber_membrane,synthetic_polymer,pvdf,synthetic_polymer,,,,,pvdf,1,1,0,0,0,0,1,0,0,0,0,0,0,https://doi.org/10.3390/polym14163294,,,,,,,250,91.13,2.96,2.36,0.125,2500,65.47284837,
S5,Pullulan nanofiber membrane (20% solution condition),electrospun nanofiber membrane,Pullulan (PUL) in 50% acetic acid aqueous solution,electrospun_nanofiber_membrane,bio_based,pullulan,polysaccharide_or_lignocellulosic,,,,,pullulan,1,0,0,0,1,0,0,0,0,0,0,0,0,https://doi.org/10.3390/polym14163294,,,,,,,180,95.06,6.83,2.36,0.125,2500,35.23051074,
S6,PVDF/PUL/PVDF interlayer-stack composite,multilayer electrospun composite nanofiber membrane,PVDF outer layers + pullulan inner layer (sandwich-stack structure),multilayer_filter,hybrid,pvdf,synthetic_polymer,pullulan,polysaccharide_or_lignocellulosic,,,pvdf + pullulan,2,1,0,0,1,0,1,0,0,0,0,0,0,https://doi.org/10.3390/polym14163294,,,,,,480,,98.52,3.98,2.36,0.125,500,84.68599192,
S7,ZIF-8–3/PI nanofiber membrane (base weight 7.32 g/m²),electrospun nanofiber membrane w/ MOF additive,Polyimide (PI) nanofibers with 3 wt% ZIF‑8,electrospun_nanofiber_membrane,hybrid,polyimide,synthetic_polymer,mof_zif8,inorganic_or_mineral,,,polyimide + mof_zif8,2,1,1,0,0,0,0,0,1,0,0,0,0,https://doi.org/10.3389/fchem.2021.810861,,,,,,,300,99.9375,6.42,1.16,,300,,
S8,PP/MgSt electret meltblown nonwoven (0.5 wt% MgSt; basis weight 40 g/m²),electret meltblown nonwoven,Polypropylene + magnesium stearate (MgSt) nucleating/charge-enhancer additive; corona charged,nonwoven_fibrous_filter,hybrid,polypropylene,synthetic_polymer,magnesium_stearate,inorganic_or_mineral,,,polypropylene + magnesium_stearate,2,1,1,0,0,0,0,0,0,0,0,0,0,https://doi.org/10.1039/C7RA10916D,,0.9,88.7,,,14600,1900,99.22,9.38,14.17,,260,,
S9,Commercial meltblown nonwoven reference sample,meltblown nonwoven,Polypropylene,commercial_filter_media,synthetic_polymer,polypropylene,synthetic_polymer,,,,,polypropylene,1,1,0,0,0,0,0,0,0,0,0,0,1,https://doi.org/10.1039/C7RA10916D,,0.9,89.3,,,,1980,,,,0.41,,,0.098
S10,Electrospun PAN reference sample,electrospun nanofiber membrane,Polyacrylonitrile,electrospun_nanofiber_membrane,synthetic_polymer,pan,synthetic_polymer,,,,,pan,1,1,0,0,0,0,0,0,0,0,0,0,0,https://doi.org/10.1039/C7RA10916D,,,86.1,,,,360,,,,0.05,,,0.164
S11,Self-supporting 3D electrospun PVDF membrane (curled microfiber morphology; best case reported at 90 min),electrospun micro/nanofibrous membrane,"PVDF in DMSO:acetone (1:1), 10 wt%; NaCl aerosol test at 0.3 μm",electrospun_nanofiber_membrane,synthetic_polymer,pvdf,synthetic_polymer,,,,,pvdf,1,1,0,0,0,0,1,0,0,0,0,1,0,https://doi.org/10.3390/nano11102567,,,78.9,,,,,93.6,9.07,,0.016,300,189.4206309,
S12,Cellulose microfiber + ZIF‑8 hybrid filter (reported via review synthesis of primary study),cellulose-based fibrous paper w/ MOF nanocrystals,Cellulose microfibers with in situ ZIF‑8 nanocrystals; freeze-dried network,nonwoven_fibrous_filter,hybrid,cellulose,polysaccharide_or_lignocellulosic,mof_zif8,inorganic_or_mineral,,,cellulose + mof_zif8,2,0,1,0,1,0,0,0,1,0,0,0,0,https://doi.org/10.3390/ma15030976,,,,,620.8,,,99.9,,,,300,,
S13,Facemask,reclaimed facemask filter media,polypropylene (PP) facemask filter layer,commercial_filter_media,synthetic_polymer,polypropylene,synthetic_polymer,,,,,polypropylene,1,1,0,0,0,0,0,0,0,0,0,0,1,https://doi.org/10.1016/j.seppur.2025.134712,,,,2.30E-10,,,3779,70,15.2,14.17,,75,,
S14,10 wt% PET solution,electrospun PET-coated facemask filter,recycled PET nanofibers on PP facemask support,commercial_filter_media,synthetic_polymer,pet_polyester,synthetic_polymer,polypropylene,synthetic_polymer,,,pet_polyester + polypropylene,2,1,0,0,0,0,0,0,0,0,0,1,1,https://doi.org/10.1016/j.seppur.2025.134712,10,,,2.30E-10,,,417,87,17.7,14.17,,75,,
S15,15 wt% PET solution,electrospun PET-coated facemask filter,recycled PET nanofibers on PP facemask support,commercial_filter_media,synthetic_polymer,pet_polyester,synthetic_polymer,polypropylene,synthetic_polymer,,,pet_polyester + polypropylene,2,1,0,0,0,0,0,0,0,0,0,1,1,https://doi.org/10.1016/j.seppur.2025.134712,15,,,2.30E-10,,,592,81,15.2,14.17,,75,,
S16,20 wt% PET solution,electrospun PET-coated facemask filter,recycled PET nanofibers on PP facemask support,commercial_filter_media,synthetic_polymer,pet_polyester,synthetic_polymer,polypropylene,synthetic_polymer,,,pet_polyester + polypropylene,2,1,0,0,0,0,0,0,0,0,0,1,1,https://doi.org/10.1016/j.seppur.2025.134712,20,,,2.30E-10,,,865,79,17.7,14.17,,75,,
S17,25 wt% PET solution,electrospun PET-coated facemask filter,recycled PET nanofibers on PP facemask support,commercial_filter_media,synthetic_polymer,pet_polyester,synthetic_polymer,polypropylene,synthetic_polymer,,,pet_polyester + polypropylene,2,1,0,0,0,0,0,0,0,0,0,1,1,https://doi.org/10.1016/j.seppur.2025.134712,25,,,3.40E-10,,,1649,71,12.5,14.17,,75,,
S18,PET/BAC composite,antibacterial electrospun composite filter,PET nanofibers with benzalkonium chloride (BAC) on PP support,electrospun_nanofiber_membrane,synthetic_polymer,pet_polyester,synthetic_polymer,bac,functional_additive,polypropylene,synthetic_polymer,pet_polyester + bac + polypropylene,3,1,0,0,0,0,0,0,0,0,1,1,0,https://doi.org/10.1016/j.seppur.2025.134712,11,,,1.80E-10,,,353,98,22.5,14.17,,75,,
S19,N95 respirator,commercial respirator reference,multilayer polypropylene N95 respirator,commercial_filter_media,synthetic_polymer,polypropylene,synthetic_polymer,,,,,polypropylene,1,1,0,0,0,0,0,0,0,0,0,0,1,https://doi.org/10.1016/j.seppur.2025.134712,,,,9.20E-10,,,,90,,14.17,,75,,
K-K aerogel,Kevlar-keratin aerogel,polymer aerogel with protein nanoparticle,kevlar + hydrolyzed keratin,monolithic_aerogel,hybrid,kevlar_ppta,synthetic_polymer,keratin,protein_based,,,kevlar_ppta + keratin,2,1,0,0,0,1,0,0,0,0,0,0,0,A.B lab data,2,1.38,98.41,3.33E-08,275,,113,99.998,,50,15,75,,0.0235
K-K aerogel composite,Kevlar-keratin aerogel composite,PLA composite coated with polymer protein aerogel,kevlar + hydrolyzed keratin + PLA structure,monolithic_aerogel,hybrid,kevlar_ppta,synthetic_polymer,keratin,protein_based,pla,synthetic_polymer,kevlar_ppta + keratin + pla,3,1,0,0,0,1,0,0,0,0,0,0,0,A.B lab data,2,,,1.08E-07,,,,99.27,,50,5,75,,
PVDF_aerogel_10,PVDF aerogel,Polymer aerogel,PVDF,monolithic_aerogel,synthetic_polymer,pvdf,synthetic_polymer,,,,,pvdf,1,1,0,0,0,0,1,0,0,0,0,0,0,A.B lab data,10,1.794,85.12,2.20E-09,87,,,62.33,,50,5,75,,0.267
PVDF_K_AE_12.5,PVDF Keratin aerogel 12.5,polymer aerogel with protein nanoparticle,PVDF + keratin,monolithic_aerogel,hybrid,pvdf,synthetic_polymer,keratin,protein_based,,,pvdf + keratin,2,1,0,0,0,1,1,0,0,0,0,0,0,A.B lab data,11.42,1.73,,4.11E-09,,,,77,,50,5,75,,
PVDF_K_AE_25,PVDF Keratin aerogel 25,polymer aerogel with protein nanoparticle,PVDF + keratin,monolithic_aerogel,hybrid,pvdf,synthetic_polymer,keratin,protein_based,,,pvdf + keratin,2,1,0,0,0,1,1,0,0,0,0,0,0,A.B lab data,13.33,1.67,,6.34E-09,,,,83.64,,50,5,75,,
PAN filter 1,PAN transparent filter (T≈70%),electrospun transparent nanofiber air filter,polyacrylonitrile (PAN),electrospun_nanofiber_membrane,synthetic_polymer,pan,synthetic_polymer,,,,,pan,1,1,0,0,0,0,0,0,0,0,0,0,0,https://doi.org/10.1038/ncomms7205,,,,,,,200,98.11,,21,,2500,,
PAN filter 2,PAN transparent filter (T=85%),electrospun transparent nanofiber air filter,polyacrylonitrile (PAN),electrospun_nanofiber_membrane,synthetic_polymer,pan,synthetic_polymer,,,,,pan,1,1,0,0,0,0,0,0,0,0,0,0,0,https://doi.org/10.1038/ncomms7205,,,,,,,200,96.12,,21,,2500,,
PAN filter 3,PAN transparent filter (T=75%),electrospun transparent nanofiber air filter,polyacrylonitrile (PAN),electrospun_nanofiber_membrane,synthetic_polymer,pan,synthetic_polymer,,,,,pan,1,1,0,0,0,0,0,0,0,0,0,0,0,https://doi.org/10.1038/ncomms7205,,,,,,,200,98.11,,21,,2500,,
Commercial-1,Commercial-1 (lab comparison),commercial mask filter,polypropylene-based commercial mask,commercial_filter_media,synthetic_polymer,polypropylene,synthetic_polymer,,,,,polypropylene,1,1,0,0,0,0,0,0,0,0,0,0,1,https://doi.org/10.1038/ncomms7205,,,,,,,,16.93,,21,,2500,,
Commercial-2,Commercial-2 (lab comparison),commercial mask filter,polypropylene-based commercial mask,commercial_filter_media,synthetic_polymer,polypropylene,synthetic_polymer,,,,,polypropylene,1,1,0,0,0,0,0,0,0,0,0,0,1,https://doi.org/10.1038/ncomms7205,,,,,,,,99.58,,21,,2500,,
Pan filter 4,"PAN transparent filter (field, T=77%)",electrospun transparent nanofiber air filter,polyacrylonitrile (PAN),electrospun_nanofiber_membrane,synthetic_polymer,pan,synthetic_polymer,,,,,pan,1,1,0,0,0,0,0,0,0,0,0,0,0,https://doi.org/10.1038/ncomms7205,,,,,,,200,98.69,,21,,2500,,
PAN filter 5,"PAN transparent filter (field, T=54%)",electrospun transparent nanofiber air filter,polyacrylonitrile (PAN),electrospun_nanofiber_membrane,synthetic_polymer,pan,synthetic_polymer,,,,,pan,1,1,0,0,0,0,0,0,0,0,0,0,0,https://doi.org/10.1038/ncomms7205,,,,,,,200,99.42,,21,,2500,,
PAN filter 6,"PAN transparent filter (field, T=40%)",electrospun transparent nanofiber air filter,polyacrylonitrile (PAN),electrospun_nanofiber_membrane,synthetic_polymer,pan,synthetic_polymer,,,,,pan,1,1,0,0,0,0,0,0,0,0,0,0,0,https://doi.org/10.1038/ncomms7205,,,,,,,200,99.88,,21,,2500,,
PS filter 1,"PS transparent filter (field, T=71%)",electrospun transparent nanofiber air filter,polystyrene (PS),electrospun_nanofiber_membrane,synthetic_polymer,ps,synthetic_polymer,,,,,ps,1,1,0,0,0,0,0,0,0,0,0,0,0,https://doi.org/10.1038/ncomms7205,,,,,,,200,76.61,,21,,2500,,
PS filter 2,"PS transparent filter (field, T=61%)",electrospun transparent nanofiber air filter,polystyrene (PS),electrospun_nanofiber_membrane,synthetic_polymer,ps,synthetic_polymer,,,,,ps,1,1,0,0,0,0,0,0,0,0,0,0,0,https://doi.org/10.1038/ncomms7205,,,,,,,200,73.5,,21,,2500,,
PS filter 3,"PS transparent filter (field, T=41%)",electrospun transparent nanofiber air filter,polystyrene (PS),electrospun_nanofiber_membrane,synthetic_polymer,ps,synthetic_polymer,,,,,ps,1,1,0,0,0,0,0,0,0,0,0,0,0,https://doi.org/10.1038/ncomms7205,,,,,,,200,96.76,,21,,2500,,
Commercial 12,Commercial-1 (field test),commercial mask filter,polypropylene-based commercial mask,commercial_filter_media,synthetic_polymer,polypropylene,synthetic_polymer,,,,,polypropylene,1,1,0,0,0,0,0,0,0,0,0,0,1,https://doi.org/10.1038/ncomms7205,,,,,,,,70.4,,21,,2500,,
Commercial 22,Commercial-2 (field test),commercial mask filter,polypropylene-based commercial mask,commercial_filter_media,synthetic_polymer,polypropylene,synthetic_polymer,,,,,polypropylene,1,1,0,0,0,0,0,0,0,0,0,0,1,https://doi.org/10.1038/ncomms7205,,,,,,,,99.13,,21,,2500,,
CGAF,CGAF,charged graphene aerogel filter,graphene aerogel derived from graphene oxide; copper contact attached for applied field,monolithic_aerogel,carbonaceous,graphene,carbonaceous,,,,,graphene,1,0,0,1,0,0,0,0,0,0,0,0,0,https://doi.org/10.1016/j.cej.2020.125086,0.46,,,,13.15,,,99.5,,70,,2500,,
S20,PI NFA,polyimide nanofiber aerogel filter,polyimide nanofiber aerogel,fibrous_aerogel,synthetic_polymer,polyimide,synthetic_polymer,,,,,polyimide,1,1,0,0,0,0,0,0,0,0,0,0,0,https://doi.org/10.1016/j.seppur.2022.121881,20,,,,401.1,,,82.5,,,,300,,
S21,ZIF-8/PI NFA (20 wt% ZIF-8),MOF-decorated polyimide nanofiber aerogel filter,polyimide nanofiber aerogel + 20 wt% ZIF-8 nanoparticles,fibrous_aerogel,hybrid,polyimide,synthetic_polymer,mof_zif8,inorganic_or_mineral,,,polyimide + mof_zif8,2,1,1,0,0,0,0,0,1,0,0,0,0,https://doi.org/10.1016/j.seppur.2022.121881,20,,,,1112.4,7.4,,98.7,17.34,5.3,5,300,0.500900337,0.015
S22,ZIF-8/PI NFA (20 wt% ZIF-8),MOF-decorated polyimide nanofiber aerogel filter,polyimide nanofiber aerogel + 20 wt% ZIF-8 nanoparticles,fibrous_aerogel,hybrid,polyimide,synthetic_polymer,mof_zif8,inorganic_or_mineral,,,polyimide + mof_zif8,2,1,1,0,0,0,0,0,1,0,0,0,0,https://doi.org/10.1016/j.seppur.2022.121881,20,,,,1112.4,7.4,,99.8,17.34,5.3,5,2500,0.716794475,0.015
S23,"ZIF-8/PI NFA (20 wt% ZIF-8, 300 °C)",high-temperature MOF-decorated polyimide nanofiber aerogel filter,polyimide nanofiber aerogel + 20 wt% ZIF-8 nanoparticles,fibrous_aerogel,hybrid,polyimide,synthetic_polymer,mof_zif8,inorganic_or_mineral,,,polyimide + mof_zif8,2,1,1,0,0,0,0,0,1,0,0,0,0,https://doi.org/10.1016/j.seppur.2022.121881,20,,,,1112.4,7.4,,96.2,18.05,5.3,5,300,0.362345609,0.015
S24,"ZIF-8/PI NFA (20 wt% ZIF-8, 300 °C)",high-temperature MOF-decorated polyimide nanofiber aerogel filter,polyimide nanofiber aerogel + 20 wt% ZIF-8 nanoparticles,fibrous_aerogel,hybrid,polyimide,synthetic_polymer,mof_zif8,inorganic_or_mineral,,,polyimide + mof_zif8,2,1,1,0,0,0,0,0,1,0,0,0,0,https://doi.org/10.1016/j.seppur.2022.121881,20,,,,1112.4,7.4,,99.5,18.05,5.3,5,2500,0.587071176,0.015
S25,PASS aerogel,nanofiber aerogel,poly(arylene sulfide sulfone) (PASS),fibrous_aerogel,synthetic_polymer,pass,synthetic_polymer,,,,,polyarylsulfide_sulfone,1,1,0,0,0,0,0,0,0,0,0,0,0,https://doi.org/10.1016/j.seppur.2024.127573,30,,87.8,,80.4,2000,528,84.4,,250,,300,,0.0135
S26,O-PASS aerogel,oxidized nanofiber aerogel,oxidized PASS,fibrous_aerogel,synthetic_polymer,pass,synthetic_polymer,,,,,polyarylsulfide_sulfone,1,1,0,0,0,0,0,0,0,0,0,0,0,https://doi.org/10.1016/j.seppur.2024.127573,30,,87.5,,80,,532,89.3,,250,,300,,0.014
S27,GPPASS aerogel,grooved/secondary-pore nanofiber aerogel,PASS/PVA-derived grooved PASS nanofibers; PVA sacrificial template removed,fibrous_aerogel,synthetic_polymer,pass,synthetic_polymer,pva,synthetic_polymer,,,polyarylsulfide_sulfone + pva,2,1,0,0,0,0,0,0,0,0,0,0,0,https://doi.org/10.1016/j.seppur.2024.127573,25,,96.2,,178.2,1000,825,99.1,,250,,300,,0.0054
S28,O-GPPASS aerogel,oxidized grooved/secondary-pore nanofiber aerogel,oxidized GPPASS,fibrous_aerogel,synthetic_polymer,pass,synthetic_polymer,,,,,polyarylsulfide_sulfone,1,1,0,0,0,0,0,0,0,0,0,0,0,https://doi.org/10.1016/j.seppur.2024.127573,25,,96.5,,180,,817,99.7,,250,,300,,0.0058
S29,O-GPPASS aerogel after 330 °C for 4 h,high-temperature-treated oxidized grooved nanofiber aerogel,oxidized GPPASS,fibrous_aerogel,synthetic_polymer,pass,synthetic_polymer,,,,,polyarylsulfide_sulfone,1,1,0,0,0,0,0,0,0,0,0,0,0,https://doi.org/10.1016/j.seppur.2024.127573,25,,,,180,,817,99.6,,250,,300,,0.0058
S30,CNF aerogel,cellulose nanofibril aerogel,cellulose nanofibrils,fibrous_aerogel,bio_based,cellulose,polysaccharide_or_lignocellulosic,,,,,cellulose,1,0,0,0,1,0,0,0,0,0,0,0,0,https://doi.org/10.1016/j.seppur.2025.133274,0.5,,,,7.543,2.6,,61.04,,5,3,2500,,0.00885
S31,CNF/MTMS aerogel,modified cellulose aerogel,cellulose nanofibrils + methyltrimethoxysilane,fibrous_aerogel,hybrid,cellulose,polysaccharide_or_lignocellulosic,silica,inorganic_or_mineral,,,cellulose + silica,2,0,1,0,1,0,0,1,0,0,0,0,0,https://doi.org/10.1016/j.seppur.2025.133274,0.5,,,,10.962,15.568,,84.39,,5,3,2500,,0.01126
S32,CNF/MTMS/LNP aerogel,composite cellulose aerogel,cellulose nanofibrils + MTMS + lignin nanospheres,fibrous_aerogel,hybrid,cellulose,polysaccharide_or_lignocellulosic,silica,inorganic_or_mineral,lignin,polysaccharide_or_lignocellulosic,cellulose + silica + lignin,3,0,1,0,1,0,0,1,0,0,0,0,0,https://doi.org/10.1016/j.seppur.2025.133274,0.5,,,,15.634,14.983,,99.06,,5,3,2500,,0.00952
S33,CNF/MTMS/LCM aerogel,antibacterial composite aerogel,cellulose nanofibrils + MTMS + lignin@citral microcapsules,fibrous_aerogel,hybrid,cellulose,polysaccharide_or_lignocellulosic,silica,inorganic_or_mineral,lignin,polysaccharide_or_lignocellulosic,cellulose + silica + lignin,3,0,1,0,1,0,0,1,0,0,0,0,0,https://doi.org/10.1016/j.seppur.2025.133274,0.5,,,,25.464,10.557,,99.46,,5,3,2500,,0.01064
S34,PS membrane,electrospun nanofibrous membrane,polystyrene (PS) on PP nonwoven support,nonwoven_fibrous_filter,synthetic_polymer,ps,synthetic_polymer,polypropylene,synthetic_polymer,,,ps + polypropylene,2,1,0,0,0,0,0,0,0,0,0,1,0,https://doi.org/10.1016/j.seppur.2024.128793,21,,,,,4000,579,86.76,,130,,2500,,
S35,gPCAM40-0.4,electrospun nanofibrous composite membrane,epoxide-modified PS + 0.4 wt% acid-treated carbon aerogel on PP nonwoven support,nonwoven_fibrous_filter,hybrid,ps,synthetic_polymer,carbon_aerogel,carbonaceous,polypropylene,synthetic_polymer,ps + carbon_aerogel + polypropylene,3,1,0,1,0,0,0,0,0,0,0,1,0,https://doi.org/10.1016/j.seppur.2024.128793,21.4,,,,,,,92,,130,,2500,,
S36,gPCAM40-0.8,electrospun nanofibrous composite membrane,epoxide-modified PS + 0.8 wt% acid-treated carbon aerogel on PP nonwoven support,nonwoven_fibrous_filter,hybrid,ps,synthetic_polymer,carbon_aerogel,carbonaceous,polypropylene,synthetic_polymer,ps + carbon_aerogel + polypropylene,3,1,0,1,0,0,0,0,0,0,0,1,0,https://doi.org/10.1016/j.seppur.2024.128793,21.8,,,,,,,94,,130,,2500,,
S37,gPCAM40-1.2,electrospun nanofibrous composite membrane,epoxide-modified PS + 1.2 wt% acid-treated carbon aerogel on PP nonwoven support,nonwoven_fibrous_filter,hybrid,ps,synthetic_polymer,carbon_aerogel,carbonaceous,polypropylene,synthetic_polymer,ps + carbon_aerogel + polypropylene,3,1,0,1,0,0,0,0,0,0,0,1,0,https://doi.org/10.1016/j.seppur.2024.128793,22.2,,,,,6200,634,95.3,,130,,2500,,
S38,gPCAM40-1.6,electrospun nanofibrous composite membrane,epoxide-modified PS + 1.6 wt% acid-treated carbon aerogel on PP nonwoven support,nonwoven_fibrous_filter,hybrid,ps,synthetic_polymer,carbon_aerogel,carbonaceous,polypropylene,synthetic_polymer,ps + carbon_aerogel + polypropylene,3,1,0,1,0,0,0,0,0,0,0,1,0,https://doi.org/10.1016/j.seppur.2024.128793,22.6,,,,,,798,93,,130,,2500,,
S39,gPCAM20-1.2,electrospun nanofibrous composite membrane,epoxide-modified PS + 1.2 wt% acid-treated carbon aerogel on PP nonwoven support,nonwoven_fibrous_filter,hybrid,ps,synthetic_polymer,carbon_aerogel,carbonaceous,polypropylene,synthetic_polymer,ps + carbon_aerogel + polypropylene,3,1,0,1,0,0,0,0,0,0,0,1,0,https://doi.org/10.1016/j.seppur.2024.128793,22.2,,,,,,,86.2,,130,,2500,,
S40,gPCAM60-1.2,electrospun nanofibrous composite membrane,epoxide-modified PS + 1.2 wt% acid-treated carbon aerogel on PP nonwoven support,nonwoven_fibrous_filter,hybrid,ps,synthetic_polymer,carbon_aerogel,carbonaceous,polypropylene,synthetic_polymer,ps + carbon_aerogel + polypropylene,3,1,0,1,0,0,0,0,0,0,0,1,0,https://doi.org/10.1016/j.seppur.2024.128793,22.2,,,,,,,98,,130,,2500,,
S41,CA,cellulose aerogel filter,cellulose aerogel from cotton linter,monolithic_aerogel,bio_based,cellulose,polysaccharide_or_lignocellulosic,,,,,cellulose,1,0,0,0,1,0,0,0,0,0,0,0,0,https://doi.org/10.1016/j.seppur.2024.129741,0.3,,,,17,2000,,48.6,12.92,200,3,2500,0.171705886,
S42,CA,cellulose aerogel filter,cellulose aerogel from cotton linter,monolithic_aerogel,bio_based,cellulose,polysaccharide_or_lignocellulosic,,,,,cellulose,1,0,0,0,1,0,0,0,0,0,0,0,0,https://doi.org/10.1016/j.seppur.2024.129741,0.3,,,,17,2000,,60.1,12.92,200,3,10000,0.23704692,
S43,ZCA,MOF-coated cellulose aerogel filter,cellulose aerogel + ZIF-8 (~24.5 wt% loading),monolithic_aerogel,hybrid,cellulose,polysaccharide_or_lignocellulosic,mof_zif8,inorganic_or_mineral,,,cellulose + mof_zif8,2,0,1,0,1,0,0,0,1,0,0,0,0,https://doi.org/10.1016/j.seppur.2024.129741,0.3,,,,263,,,80,16.09,200,3,2500,0.333424055,
S44,ZCA,MOF-coated cellulose aerogel filter,cellulose aerogel + ZIF-8 (~24.5 wt% loading),monolithic_aerogel,hybrid,cellulose,polysaccharide_or_lignocellulosic,mof_zif8,inorganic_or_mineral,,,cellulose + mof_zif8,2,0,1,0,1,0,0,0,1,0,0,0,0,https://doi.org/10.1016/j.seppur.2024.129741,0.3,,,,263,,,85,15.73,200,3,10000,0.402017373,
S45,NZCA,amino-functionalized MOF-coated cellulose aerogel filter,cellulose aerogel + ZIF-8-NH2 (~24.8 wt% loading),monolithic_aerogel,hybrid,cellulose,polysaccharide_or_lignocellulosic,mof_zif8,inorganic_or_mineral,,,cellulose + mof_zif8,2,0,1,0,1,0,0,0,1,0,0,0,0,https://doi.org/10.1016/j.seppur.2024.129741,0.3,,,,147,,,92,15.9,200,3,2500,0.52950286,
S46,NZCA,amino-functionalized MOF-coated cellulose aerogel filter,cellulose aerogel + ZIF-8-NH2 (~24.8 wt% loading),monolithic_aerogel,hybrid,cellulose,polysaccharide_or_lignocellulosic,mof_zif8,inorganic_or_mineral,,,cellulose + mof_zif8,2,0,1,0,1,0,0,0,1,0,0,0,0,https://doi.org/10.1016/j.seppur.2024.129741,0.3,,,,147,,,96,16.09,200,3,10000,0.66684811,
S47,CMP-1,conjugated microporous polymer aerogel,"CMP from 1,3,5-triethynylbenzene + 1,3-dibromobenzene",monolithic_aerogel,carbonaceous,cmp,carbonaceous,,,,,cmp,1,0,0,1,0,0,0,0,0,0,0,0,0,https://doi.org/10.1016/j.seppur.2024.128965,,,,,280.42,2,150,99.4,85.93,0.54,1.78,2500,0.334476312,
S48,CMP-1,conjugated microporous polymer aerogel,"CMP from 1,3,5-triethynylbenzene + 1,3-dibromobenzene",monolithic_aerogel,carbonaceous,cmp,carbonaceous,,,,,cmp,1,0,0,1,0,0,0,0,0,0,0,0,0,https://doi.org/10.1016/j.seppur.2024.128965,,,,,280.42,2,150,99.7,85.93,0.54,1.78,10000,0.379793259,
S49,CMP-2,conjugated microporous polymer aerogel,"CMP from 1,3,5-triethynylbenzene + 1,3,5-tribromobenzene",monolithic_aerogel,carbonaceous,cmp,carbonaceous,,,,,cmp,1,0,0,1,0,0,0,0,0,0,0,0,0,https://doi.org/10.1016/j.seppur.2024.128965,,,,,660.61,2,450,99,33.07,0.54,1.85,2500,0.752730929,
S50,CMP-2,conjugated microporous polymer aerogel,"CMP from 1,3,5-triethynylbenzene + 1,3,5-tribromobenzene",monolithic_aerogel,carbonaceous,cmp,carbonaceous,,,,,cmp,1,0,0,1,0,0,0,0,0,0,0,0,0,https://doi.org/10.1016/j.seppur.2024.128965,,,,,660.61,2,450,99,33.07,0.54,1.85,10000,0.752730929,
S51,CMP-1-AgS,post-modified antibacterial CMP aerogel,thiol-yne modified CMP-1 with Ag uptake,monolithic_aerogel,hybrid,cmp,carbonaceous,silver,inorganic_or_mineral,,,cmp + silver,2,0,1,1,0,0,0,0,0,1,1,0,0,https://doi.org/10.1016/j.seppur.2024.128965,,,,,29.92,2000,,99.5,108.85,1.08,1.78,2500,0.273457307,
S52,CMP-1-AgS,post-modified antibacterial CMP aerogel,thiol-yne modified CMP-1 with Ag uptake,monolithic_aerogel,hybrid,cmp,carbonaceous,silver,inorganic_or_mineral,,,cmp + silver,2,0,1,1,0,0,0,0,0,1,1,0,0,https://doi.org/10.1016/j.seppur.2024.128965,,,,,29.92,2000,,99.8,108.85,1.08,1.78,10000,0.320749,
S53,CMP-2-AgS,post-modified antibacterial CMP aerogel,thiol-yne modified CMP-2 with Ag uptake,monolithic_aerogel,hybrid,cmp,carbonaceous,silver,inorganic_or_mineral,,,cmp + silver,2,0,1,1,0,0,0,0,0,1,1,0,0,https://doi.org/10.1016/j.seppur.2024.128965,,,,,12.14,2000,,99.2,55.12,1.08,1.85,2500,0.473494071,
S54,CMP-2-AgS,post-modified antibacterial CMP aerogel,thiol-yne modified CMP-2 with Ag uptake,monolithic_aerogel,hybrid,cmp,carbonaceous,silver,inorganic_or_mineral,,,cmp + silver,2,0,1,1,0,0,0,0,0,1,1,0,0,https://doi.org/10.1016/j.seppur.2024.128965,,,,,12.14,2000,,99.9,55.12,1.08,1.85,10000,0.677416867,
S55,NSA-0.5%,natural silk nanofibril aerogel,natural silk nanofibrils + 0.5 wt% PVA,fibrous_aerogel,hybrid,silk,protein_based,pva,synthetic_polymer,,,silk + pva,2,1,0,0,0,1,0,0,0,0,0,0,0,https://doi.org/10.1021/acsnano.1c00346,,,,,124.1,200000,70,36.5,2.86,5.33,5,300,0.317573622,0.0025
S56,NSA-0.5%,natural silk nanofibril aerogel,natural silk nanofibrils + 0.5 wt% PVA,fibrous_aerogel,hybrid,silk,protein_based,pva,synthetic_polymer,,,silk + pva,2,1,0,0,0,1,0,0,0,0,0,0,0,https://doi.org/10.1021/acsnano.1c00346,,,,,124.1,200000,70,35,2.65,5.33,5,300,0.325119182,0.0025
S57,NSA-0.5%,natural silk nanofibril aerogel,natural silk nanofibrils + 0.5 wt% PVA,fibrous_aerogel,hybrid,silk,protein_based,pva,synthetic_polymer,,,silk + pva,2,1,0,0,0,1,0,0,0,0,0,0,0,https://doi.org/10.1021/acsnano.1c00346,,,,,124.1,200000,70,30.5,7.75,14.17,5,300,0.09389508,0.0025
S58,NSA-0.5%,natural silk nanofibril aerogel,natural silk nanofibrils + 0.5 wt% PVA,fibrous_aerogel,hybrid,silk,protein_based,pva,synthetic_polymer,,,silk + pva,2,1,0,0,0,1,0,0,0,0,0,0,0,https://doi.org/10.1021/acsnano.1c00346,,,,,124.1,200000,70,28.5,7.14,14.17,5,300,0.093969954,0.0025
